S.N.,Date,Total Transactions,Total Traded Shares,Total Traded Amount,Max. Price,Min. Price,Close Price
1,2019-09-05,71,8861.00,6906071.00,792.00,777.00,780.00
2,2019-09-04,80,15241.00,11835353.00,781.00,770.00,777.00
3,2019-09-03,71,8894.00,6777484.00,775.00,750.00,774.00
4,2019-09-02,65,6969.00,5301083.00,769.00,756.00,758.00
5,2019-09-01,70,9261.00,7131662.00,772.00,767.00,769.00
6,2019-08-29,73,9213.00,7102386.00,775.00,768.00,770.00
7,2019-08-28,52,4274.00,3309179.00,790.00,770.00,770.00
8,2019-08-27,59,5949.00,4611481.00,780.00,771.00,778.00
9,2019-08-26,117,23330.00,17929030.00,776.00,760.00,775.00
10,2019-08-25,60,7386.00,5716394.00,780.00,771.00,776.00
11,2019-08-22,89,7473.00,5819886.00,781.00,777.00,777.00
12,2019-08-21,77,13659.00,10607288.00,779.00,775.00,778.00
13,2019-08-20,72,12518.00,9741646.00,782.00,777.00,778.00
14,2019-08-19,107,10297.00,8024707.00,784.00,776.00,778.00
15,2019-08-18,74,12387.00,9681667.00,790.00,779.00,779.00
16,2019-08-15,47,13055.00,10216347.00,785.00,780.00,784.00
17,2019-08-14,96,11640.00,9077408.00,784.00,775.00,779.00
18,2019-08-13,52,6190.00,4840872.00,785.00,781.00,782.00
19,2019-08-12,62,5650.00,4425270.00,788.00,782.00,783.00
20,2019-08-11,86,9920.00,7776326.00,788.00,781.00,784.00
21,2019-08-08,69,10432.00,8237900.00,796.00,787.00,790.00
22,2019-08-07,61,9174.00,7253945.00,795.00,784.00,790.00
23,2019-08-06,115,13321.00,10532439.00,795.00,789.00,790.00
24,2019-08-05,64,9946.00,7949617.00,800.00,795.00,800.00
25,2019-08-04,99,11095.00,8875676.00,803.00,796.00,799.00
26,2019-08-01,64,11281.00,9049631.00,805.00,800.00,801.00
27,2019-07-31,57,9199.00,7380782.00,805.00,800.00,800.00
28,2019-07-30,48,10926.00,8762095.00,805.00,800.00,801.00
29,2019-07-29,75,10970.00,8776221.00,805.00,798.00,803.00
30,2019-07-28,108,17431.00,13928301.00,808.00,796.00,797.00
31,2019-07-25,86,11336.00,9132402.00,811.00,800.00,805.00
32,2019-07-24,88,17884.00,14464085.00,815.00,805.00,812.00
33,2019-07-23,100,13387.00,10777123.00,810.00,802.00,808.00
34,2019-07-22,96,19698.00,15859921.00,819.00,803.00,805.00
35,2019-07-21,102,19195.00,15373045.00,810.00,800.00,801.00
36,2019-07-18,73,15304.00,12441575.00,820.00,808.00,812.00
37,2019-07-17,77,17512.00,14114496.00,814.00,800.00,813.00
38,2019-07-16,176,25920.00,20690486.00,838.00,792.00,800.00
39,2019-07-15,228,30861.00,24844803.00,833.00,799.00,799.00
40,2019-07-14,70,3781.00,3114375.00,827.00,820.00,825.00
41,2019-07-11,102,8966.00,7349011.00,824.00,813.00,823.00
42,2019-07-10,75,9931.00,8029610.00,815.00,801.00,811.00
43,2019-07-09,115,11678.00,9317059.00,806.00,786.00,806.00
44,2019-07-08,51,4253.00,3346218.00,790.00,785.00,787.00
45,2019-07-07,69,6481.00,5135732.00,805.00,790.00,790.00
46,2019-07-04,61,10401.00,8304199.00,800.00,795.00,798.00
47,2019-07-03,70,7949.00,6256691.00,799.00,775.00,795.00
48,2019-07-02,100,9500.00,7396723.00,785.00,775.00,784.00
49,2019-07-01,75,8539.00,6680735.00,785.00,780.00,785.00
50,2019-06-30,164,28406.00,22459703.00,806.00,785.00,785.00
51,2019-06-27,122,12955.00,10381928.00,815.00,799.00,800.00
52,2019-06-26,55,7826.00,6305130.00,810.00,802.00,804.00
53,2019-06-25,58,4883.00,3941709.00,810.00,800.00,810.00
54,2019-06-24,55,3446.00,2774340.00,808.00,802.00,808.00
55,2019-06-23,65,5595.00,4509094.00,820.00,804.00,805.00
56,2019-06-20,60,4301.00,3483762.00,814.00,805.00,812.00
57,2019-06-19,47,3158.00,2548422.00,829.00,803.00,814.00
58,2019-06-18,72,8230.00,6675233.00,816.00,806.00,814.00
59,2019-06-17,68,10347.00,8422115.00,816.00,807.00,816.00
60,2019-06-16,78,13511.00,11054441.00,822.00,813.00,814.00
61,2019-06-13,53,9849.00,8084710.00,834.00,818.00,827.00
62,2019-06-12,55,8943.00,7321965.00,823.00,815.00,820.00
63,2019-06-11,57,8030.00,6604807.00,826.00,820.00,822.00
64,2019-06-10,57,4518.00,3747090.00,842.00,820.00,826.00
65,2019-06-06,47,4877.00,4044107.00,832.00,826.00,828.00
66,2019-06-04,40,3935.00,3274335.00,843.00,829.00,829.00
67,2019-06-03,40,2874.00,2391215.00,835.00,830.00,833.00
68,2019-06-02,61,6077.00,5092634.00,848.00,832.00,834.00
69,2019-05-30,72,9146.00,7847192.00,882.00,847.00,847.00
70,2019-05-29,34,3151.00,2643739.00,840.00,837.00,840.00
71,2019-05-28,26,2822.00,2357557.00,844.00,830.00,836.00
72,2019-05-27,21,2539.00,2126755.00,840.00,835.00,840.00
73,2019-05-26,52,5463.00,4580200.00,857.00,835.00,840.00
74,2019-05-23,48,5508.00,4631903.00,845.00,835.00,841.00
75,2019-05-22,33,1981.00,1666961.00,856.00,835.00,841.00
76,2019-05-21,41,4169.00,3480164.00,840.00,827.00,840.00
77,2019-05-20,59,5507.00,4593487.00,849.00,830.00,830.00
78,2019-05-19,43,6356.00,5322545.00,855.00,831.00,843.00
79,2019-05-16,61,6365.00,5396030.00,858.00,845.00,845.00
80,2019-05-15,57,5163.00,4401510.00,860.00,844.00,851.00
81,2019-05-14,44,3614.00,3042368.00,850.00,837.00,848.00
82,2019-05-13,39,2652.00,2239367.00,855.00,841.00,844.00
83,2019-05-12,39,3539.00,2969502.00,845.00,831.00,841.00
84,2019-05-09,44,2950.00,2486583.00,862.00,838.00,841.00
85,2019-05-08,53,7578.00,6380515.00,855.00,840.00,846.00
86,2019-05-07,66,8243.00,7040204.00,869.00,850.00,850.00
87,2019-05-06,73,8355.00,7017752.00,855.00,834.00,851.00
88,2019-05-05,87,9479.00,7923076.00,844.00,830.00,835.00
89,2019-05-02,68,6201.00,5263300.00,855.00,845.00,847.00
90,2019-04-30,81,7584.00,6535452.00,871.00,851.00,856.00
91,2019-04-29,77,8403.00,7330752.00,880.00,866.00,868.00
92,2019-04-28,119,9506.00,8416974.00,891.00,873.00,873.00
93,2019-04-25,86,9441.00,8344073.00,895.00,877.00,880.00
94,2019-04-24,72,6811.00,5986456.00,894.00,864.00,878.00
95,2019-04-23,147,15000.00,13127950.00,890.00,859.00,881.00
96,2019-04-22,221,29675.00,26446983.00,900.00,868.00,880.00
97,2019-04-21,185,28899.00,24371418.00,867.00,815.00,866.00
98,2019-04-18,126,15287.00,12154425.00,810.00,785.00,810.00
99,2019-04-17,97,11183.00,8655913.00,780.00,766.00,773.00
100,2019-04-16,55,6057.00,4601029.00,773.00,747.00,766.00
101,2019-04-15,35,3377.00,2508067.00,746.00,736.00,746.00
102,2019-04-11,66,7882.00,5833869.00,743.00,736.00,736.00
103,2019-04-10,67,8232.00,6083115.00,749.00,735.00,740.00
104,2019-04-09,105,12325.00,9165403.00,750.00,740.00,743.00
105,2019-04-08,133,23599.00,17506141.00,755.00,730.00,740.00
106,2019-04-07,104,23725.00,17210067.00,732.00,721.00,732.00
107,2019-04-04,69,8188.00,5926768.00,728.00,718.00,727.00
108,2019-04-03,77,14196.00,10231962.00,731.00,712.00,724.00
109,2019-04-02,86,15403.00,10998068.00,718.00,710.00,717.00
110,2019-04-01,62,11973.00,8520113.00,714.00,709.00,712.00
111,2019-03-31,71,7019.00,4989641.00,717.00,707.00,712.00
112,2019-03-28,44,5004.00,3560176.00,719.00,708.00,714.00
113,2019-03-27,62,9163.00,6518505.00,715.00,709.00,709.00
114,2019-03-26,46,3898.00,2766912.00,712.00,706.00,712.00
115,2019-03-25,67,7028.00,5001380.00,716.00,709.00,712.00
116,2019-03-24,63,5859.00,4167379.00,721.00,709.00,712.00
117,2019-03-21,90,8927.00,6376826.00,722.00,708.00,710.00
118,2019-03-19,16,1020.00,735840.00,724.00,718.00,723.00
119,2019-03-18,70,9174.00,6660220.00,730.00,722.00,722.00
120,2019-03-17,85,9881.00,7160677.00,730.00,715.00,722.00
121,2019-03-14,43,3812.00,2724814.00,720.00,708.00,715.00
122,2019-03-13,118,11803.00,8544860.00,731.00,715.00,715.00
123,2019-03-12,126,12884.00,9192682.00,720.00,696.00,720.00
124,2019-03-11,100,16082.00,11171683.00,700.00,691.00,696.00
125,2019-03-10,25,1992.00,1371509.00,691.00,686.00,691.00
126,2019-03-07,61,7555.00,5187912.00,690.00,685.00,688.00
127,2019-03-06,69,10200.00,6992179.00,688.00,680.00,686.00
128,2019-03-05,60,6279.00,4299414.00,690.00,681.00,683.00
129,2019-03-03,84,8715.00,5981206.00,691.00,680.00,682.00
130,2019-02-27,48,4794.00,3287509.00,689.00,681.00,687.00
131,2019-02-26,162,9887.00,6780379.00,708.93,678.00,687.00
132,2019-02-25,308,31622.00,25071269.00,799.00,789.00,794.00
133,2019-02-24,158,15486.00,12382022.00,810.00,792.00,795.00
134,2019-02-21,135,17561.00,13943026.00,803.00,789.00,803.00
135,2019-02-20,99,9080.00,7134674.00,793.00,780.00,789.00
136,2019-02-19,105,7663.00,6056596.00,795.00,776.00,793.00
137,2019-02-18,254,29718.00,23363212.00,815.00,778.00,783.00
138,2019-02-17,59,6470.00,5260676.00,829.00,807.00,807.00
139,2019-02-14,36,2494.00,2045066.00,825.00,818.00,818.00
140,2019-02-13,48,3151.00,2590226.00,830.00,818.00,822.00
141,2019-02-12,43,2448.00,2022793.00,830.00,825.00,825.00
142,2019-02-11,30,3879.00,3206308.00,830.00,823.00,825.00
143,2019-02-10,34,2399.00,1978534.00,831.00,820.00,824.00
144,2019-02-07,32,3757.00,3121345.00,835.00,826.00,831.00
145,2019-02-06,48,3267.00,2700338.00,830.00,825.00,828.00
146,2019-02-05,30,2150.00,1786992.00,835.00,829.00,830.00
147,2019-02-04,69,5154.00,4282870.00,841.00,825.00,829.00
148,2019-02-03,52,4165.00,3504489.00,845.00,840.00,841.00
149,2019-01-31,53,4408.00,3704155.00,844.00,837.00,841.00
150,2019-01-30,61,3605.00,3021780.00,841.00,830.00,837.00
151,2019-01-29,70,6286.00,5226541.00,835.00,830.00,830.00
152,2019-01-28,35,2227.00,1857209.00,838.00,832.00,834.00
153,2019-01-27,43,3910.00,3264588.00,841.00,832.00,838.00
154,2019-01-24,34,2567.00,2157456.00,843.00,838.00,840.00
155,2019-01-23,52,4189.00,3525291.00,850.00,838.00,838.00
156,2019-01-22,32,1670.00,1408160.00,845.00,841.00,842.00
157,2019-01-21,33,3420.00,2879855.00,848.00,836.00,843.00
158,2019-01-20,31,3123.00,2644690.00,850.00,844.00,850.00
159,2019-01-17,39,2128.00,1789744.00,845.00,836.00,844.00
160,2019-01-16,41,2960.00,2495960.00,858.00,841.00,845.00
161,2019-01-15,27,2708.00,2274094.00,842.00,834.00,842.00
162,2019-01-14,50,4045.00,3380041.00,844.00,830.00,836.00
163,2019-01-13,32,3132.00,2630499.00,851.00,835.00,838.00
164,2019-01-10,59,5480.00,4594681.00,848.00,834.00,835.00
165,2019-01-09,48,4380.00,3665005.00,840.00,834.00,834.00
166,2019-01-08,48,3971.00,3320723.00,839.00,835.00,837.00
167,2019-01-07,35,4589.00,3841093.00,840.00,835.00,835.00
168,2019-01-06,61,7310.00,6131147.00,848.00,835.00,837.00
169,2019-01-03,65,9928.00,8406376.00,855.00,841.00,841.00
170,2019-01-02,35,5122.00,4367064.00,859.00,850.00,850.00
171,2019-01-01,48,5002.00,4299360.00,863.00,851.00,851.00
172,2018-12-31,67,7285.00,6272105.00,879.00,860.00,860.00
173,2018-12-30,48,4130.00,3580230.00,877.00,865.00,866.00
174,2018-12-27,64,6193.00,5420729.00,880.00,864.00,865.00
175,2018-12-26,60,7037.00,6076478.00,870.00,860.00,864.00
176,2018-12-25,25,1588.00,1363054.00,870.00,855.00,862.00
177,2018-12-24,36,5253.00,4559230.00,876.00,865.00,868.00
178,2018-12-23,54,8974.00,7768742.00,870.00,851.00,870.00
179,2018-12-20,47,3393.00,2889782.00,860.00,845.00,851.00
180,2018-12-19,43,7082.00,6065755.00,860.00,850.00,850.00
181,2018-12-18,43,5028.00,4313427.00,862.00,856.00,858.00
182,2018-12-17,35,2512.00,2156799.00,869.00,850.00,862.00
183,2018-12-16,66,9410.00,8028210.00,859.00,847.00,853.00
184,2018-12-13,51,4879.00,4154691.00,855.00,847.00,847.00
185,2018-12-12,43,3175.00,2698524.00,860.00,845.00,851.00
186,2018-12-11,52,3869.00,3292015.00,860.00,844.00,855.00
187,2018-12-10,82,8181.00,6985900.00,860.00,850.00,853.00
188,2018-12-09,51,4171.00,3551145.00,856.00,850.00,852.00
189,2018-12-06,57,6099.00,5146673.00,851.00,830.00,850.00
190,2018-12-05,90,7992.00,6810591.00,860.00,849.00,851.00
191,2018-12-04,150,13920.00,11836081.00,863.00,841.00,860.00
192,2018-12-03,53,3135.00,2724634.00,875.00,862.00,863.00
193,2018-12-02,49,4594.00,4012974.00,882.14,865.00,865.00
194,2018-11-29,52,3294.00,2918930.00,890.00,882.00,882.14
195,2018-11-28,58,5451.00,4856282.00,900.00,888.00,889.00
196,2018-11-27,42,4029.00,3590433.00,899.00,885.00,889.00
197,2018-11-26,44,5967.00,5315003.00,898.76,888.00,888.58
198,2018-11-25,42,3792.00,3411869.00,904.00,898.00,898.76
199,2018-11-22,42,4595.00,4161447.00,915.00,900.00,900.34
200,2018-11-21,33,3991.00,3590008.00,906.00,890.00,906.00
201,2018-11-20,13,760.00,689755.00,918.00,902.00,902.00
202,2018-11-19,31,2568.00,2343176.00,918.00,908.00,917.00
203,2018-11-18,38,3113.00,2861006.00,930.00,916.00,917.00
204,2018-11-15,55,7548.00,7014926.00,940.00,919.00,927.00
205,2018-11-14,33,4373.00,4012461.00,920.00,915.00,919.00
206,2018-11-13,11,833.00,765772.00,921.00,905.00,919.00
207,2018-11-12,49,4075.00,3671257.00,911.00,897.00,905.00
208,2018-11-11,31,2235.00,2049703.00,946.00,897.00,911.00
209,2018-11-06,5,230.00,213380.00,900.00,900.00,946.00
210,2018-11-05,35,2736.00,2564837.00,940.00,935.00,938.00
211,2018-11-04,33,2099.00,1973599.00,947.00,938.00,940.00
212,2018-11-01,23,1572.00,1486688.00,949.00,940.00,946.00
213,2018-10-31,20,2427.00,2290367.00,952.00,940.00,952.00
214,2018-10-30,23,1768.00,1665460.00,945.00,940.00,940.00
215,2018-10-29,38,2862.00,2696421.00,945.00,939.00,940.00
216,2018-10-28,38,2511.00,2375880.00,956.00,939.00,942.00
217,2018-10-25,16,1044.00,1003004.00,963.00,956.00,956.00
218,2018-10-24,35,3191.00,3062958.00,970.00,956.00,962.00
219,2018-10-23,21,2006.00,1914357.00,960.00,950.00,960.00
220,2018-10-22,26,1928.00,1836366.00,959.00,950.00,951.00
221,2018-10-21,6,193.00,183830.00,955.00,950.00,953.00
222,2018-10-15,18,1245.00,1176840.00,956.00,940.00,953.00
223,2018-10-14,20,1925.00,1805120.00,939.00,935.00,938.00
224,2018-10-11,39,5113.00,4765260.00,937.00,929.00,931.00
225,2018-10-10,41,4393.00,4083177.00,932.00,927.00,930.00
226,2018-10-09,29,2484.00,2309884.00,939.00,927.00,930.00
227,2018-10-08,33,3337.00,3103085.00,944.00,927.00,929.00
228,2018-10-07,50,5803.00,5418389.00,944.00,927.00,927.00
229,2018-10-04,61,5142.00,4793892.00,958.00,916.00,944.00
230,2018-10-03,49,5114.00,4797575.00,945.00,932.00,942.00
231,2018-10-02,41,3936.00,3714697.00,950.00,940.00,945.00
232,2018-10-01,39,2593.00,2457545.00,956.00,934.00,945.00
233,2018-09-30,43,7218.00,6875847.00,961.00,950.00,950.00
234,2018-09-27,32,3070.00,2955155.00,970.00,960.00,961.00
235,2018-09-26,74,9356.00,9023400.00,969.00,960.00,966.00
236,2018-09-25,50,5209.00,5014381.00,965.00,960.00,965.00
237,2018-09-23,37,3193.00,3067001.00,964.00,950.00,961.00
238,2018-09-20,57,6516.00,6276391.00,970.00,960.00,962.00
239,2018-09-18,54,5243.00,5077774.00,970.00,966.00,968.00
240,2018-09-17,34,1984.00,1919979.00,970.00,965.00,968.00
241,2018-09-16,59,9770.00,9476501.00,974.00,968.00,969.00
242,2018-09-13,52,5373.00,5204961.00,970.00,966.00,968.00
243,2018-09-12,26,4296.00,4148546.00,967.00,965.00,965.00
244,2018-09-11,34,6852.00,6594520.00,969.00,960.00,966.00
245,2018-09-10,52,7438.00,7154743.00,967.00,960.00,964.00
246,2018-09-09,55,7541.00,7272133.00,974.00,955.00,970.00
247,2018-09-06,141,16698.00,16255028.00,984.00,963.00,965.00
248,2018-09-05,90,10041.00,9723088.00,974.00,965.00,970.00
249,2018-09-04,80,8115.00,7858208.00,971.00,961.00,966.00
250,2018-09-03,80,7503.00,7217390.00,970.00,955.00,964.00
251,2018-09-02,73,7021.00,6664605.00,952.00,946.00,950.00
252,2018-08-30,54,5231.00,4957539.00,952.00,945.00,947.00
253,2018-08-29,36,3171.00,3001456.00,949.00,945.00,947.00
254,2018-08-28,60,6091.00,5781337.00,950.00,943.00,949.00
255,2018-08-26,63,5990.00,5664032.00,948.00,944.00,945.00
256,2018-08-23,60,4749.00,4479671.00,945.00,941.00,945.00
257,2018-08-22,35,2174.00,2048396.00,945.00,935.00,945.00
258,2018-08-21,71,4925.00,4641395.00,947.00,940.00,940.00
259,2018-08-20,106,9155.00,8697104.00,960.00,942.00,948.00
260,2018-08-19,134,11046.00,10576160.00,965.00,954.00,959.00
261,2018-08-16,186,17494.00,16648687.00,966.00,930.00,957.00
262,2018-08-15,163,17869.00,16481295.00,940.00,913.00,935.00
263,2018-08-14,51,6383.00,5763190.00,907.00,900.00,907.00
264,2018-08-13,44,5383.00,4849651.00,907.00,900.00,907.00
265,2018-08-12,67,6359.00,5711482.00,910.00,894.00,900.00
266,2018-08-09,40,3307.00,2995504.00,922.00,904.00,909.00
267,2018-08-08,36,2673.00,2418903.00,910.00,903.00,904.00
268,2018-08-07,42,2142.00,1939354.00,919.00,904.00,904.00
269,2018-08-06,62,6662.00,6014701.00,907.00,900.00,903.00
270,2018-08-05,71,6414.00,5793997.00,907.00,900.00,905.00
271,2018-08-02,53,5552.00,5025364.00,909.00,904.00,906.00
272,2018-08-01,56,5960.00,5399467.00,910.00,904.00,908.00
273,2018-07-31,58,5144.00,4667568.00,910.00,905.00,905.00
274,2018-07-30,46,5174.00,4704652.00,913.00,907.00,909.00
275,2018-07-29,63,5574.00,5081568.00,919.00,909.00,910.00
276,2018-07-26,75,13263.00,11940605.00,908.00,899.00,905.00
277,2018-07-25,81,7248.00,6515265.00,900.00,897.00,897.00
278,2018-07-24,173,20936.00,18838973.00,905.00,898.00,899.00
279,2018-07-23,96,11306.00,10173097.00,900.00,898.00,900.00
280,2018-07-22,74,6188.00,5564234.00,900.00,897.00,900.00
281,2018-07-19,282,36821.00,33135848.00,905.00,898.00,900.00
282,2018-07-18,150,28537.00,25684476.00,905.00,897.00,900.00
283,2018-07-17,364,64608.00,58183875.00,917.00,899.00,900.00
284,2018-07-16,102,10813.00,9814734.00,921.00,903.00,921.00
285,2018-07-15,70,5465.00,5011393.00,920.00,912.00,920.00
286,2018-07-12,77,5387.00,4937055.00,922.00,911.00,912.00
287,2018-07-11,81,9218.00,8488516.00,928.00,917.00,918.00
288,2018-07-10,53,3949.00,3635273.00,926.00,917.00,917.00
289,2018-07-09,91,11028.00,10191921.00,941.00,918.00,918.00
290,2018-07-08,102,12880.00,12053335.00,953.00,928.00,940.00
291,2018-07-05,141,12676.00,11688329.00,928.00,919.00,924.00
292,2018-07-04,71,6221.00,5705845.00,920.00,913.00,917.00
293,2018-07-03,48,5734.00,5276092.00,926.00,918.00,920.00
294,2018-07-02,37,2420.00,2230578.00,928.00,917.00,920.00
295,2018-07-01,57,4235.00,3928819.00,945.00,925.00,928.00
296,2018-06-28,46,2623.00,2458336.00,955.00,931.00,931.00
297,2018-06-27,57,5047.00,4684972.00,935.00,921.00,930.00
298,2018-06-26,13,1174.00,1090732.00,931.00,922.00,928.00
299,2018-06-25,54,4988.00,4659460.00,945.00,930.00,932.00
300,2018-06-24,53,4494.00,4227179.00,943.00,936.00,942.00
301,2018-06-21,36,2308.00,2172544.00,945.00,940.00,942.00
302,2018-06-20,35,3344.00,3150990.00,945.00,940.00,940.00
303,2018-06-19,24,1365.00,1284805.00,944.00,940.00,941.00
304,2018-06-18,45,2878.00,2708792.00,955.00,937.00,943.00
305,2018-06-17,34,3161.00,3005848.00,959.00,940.00,942.00
306,2018-06-14,20,947.00,908810.00,963.00,955.00,958.00
307,2018-06-13,50,3803.00,3623053.00,960.00,945.00,955.00
308,2018-06-12,35,4558.00,4348302.00,960.00,945.00,955.00
309,2018-06-11,63,5198.00,4985404.00,975.00,945.00,955.00
310,2018-06-10,72,5466.00,5203139.00,970.00,944.00,956.00
311,2018-06-07,72,4786.00,4699557.00,990.00,975.00,975.00
312,2018-06-06,30,1882.00,1870275.00,1000.00,988.00,990.00
313,2018-06-04,60,3875.00,3778918.00,985.00,970.00,979.00
314,2018-06-03,73,5913.00,5851885.00,1000.00,980.00,980.00
315,2018-05-31,46,3164.00,3164745.00,1005.00,995.00,1000.00
316,2018-05-30,33,2360.00,2369794.00,1013.00,999.00,1000.00
317,2018-05-29,52,4198.00,4215660.00,1010.00,999.00,999.00
318,2018-05-28,35,4170.00,4168432.00,1012.00,985.00,1012.00
319,2018-05-27,43,3069.00,3025613.00,990.00,978.00,989.00
320,2018-05-24,55,5307.00,5272846.00,999.00,990.00,990.00
321,2018-05-23,64,5655.00,5608070.00,999.00,984.00,987.00
322,2018-05-22,50,6365.00,6353640.00,1003.00,995.00,995.00
323,2018-05-21,57,6405.00,6406075.00,1010.00,996.00,999.00
324,2018-05-20,84,9372.00,9407270.00,1022.00,1000.00,1000.00
325,2018-05-17,42,3295.00,3305126.00,1005.00,1001.00,1002.00
326,2018-05-16,48,6058.00,6059488.00,1002.00,999.00,1000.00
327,2018-05-15,31,2596.00,2600618.00,1007.00,995.00,1002.00
328,2018-05-14,80,8898.00,8893275.00,1004.00,990.00,1000.00
329,2018-05-10,42,3212.00,3220711.00,1010.00,996.00,1003.00
330,2018-05-09,65,7968.00,8034051.00,1014.00,1003.00,1003.00
331,2018-05-08,56,8831.00,8852104.00,1010.00,997.00,1010.00
332,2018-05-07,71,6050.00,6056230.00,1010.00,998.00,999.00
333,2018-05-06,70,6340.00,6357513.00,1006.00,1000.00,1005.00
334,2018-05-03,70,6662.00,6759592.00,1025.00,1009.00,1009.00
335,2018-05-02,91,10811.00,10833777.00,1025.00,996.00,1009.00
336,2018-04-29,90,7378.00,7486292.00,1020.00,1002.00,1013.00
337,2018-04-26,97,13380.00,13834533.00,1050.00,1020.00,1030.00
338,2018-04-25,89,10589.00,10957803.00,1045.00,1030.00,1040.00
339,2018-04-24,114,8229.00,8577428.00,1064.00,1032.00,1032.00
340,2018-04-23,180,16208.00,17342320.00,1081.00,1050.00,1050.00
341,2018-04-22,210,20691.00,22041196.00,1076.00,1058.00,1065.00
342,2018-04-19,179,15695.00,16510904.00,1060.00,1041.00,1055.00
343,2018-04-18,128,21999.00,22542958.00,1050.00,999.00,1040.00
344,2018-04-17,127,16009.00,16014884.00,1005.00,997.00,1002.00
345,2018-04-16,65,8325.00,8269895.00,999.00,980.00,996.00
346,2018-04-15,105,13102.00,12926814.00,999.00,979.00,990.00
347,2018-04-12,115,14218.00,14093564.00,999.00,988.00,989.00
348,2018-04-11,79,8026.00,7922823.00,994.00,980.00,988.00
349,2018-04-10,138,11944.00,11843749.00,1000.00,980.00,986.00
350,2018-04-09,356,35267.00,35649958.00,1030.00,994.00,994.00
351,2018-04-08,270,31730.00,31438392.00,1010.00,972.00,999.00
352,2018-04-05,268,27949.00,27130865.00,978.00,965.00,970.00
353,2018-04-04,143,16959.00,16258088.00,965.00,950.00,965.00
354,2018-04-03,113,11371.00,10755354.00,950.00,939.00,950.00
355,2018-04-02,99,8678.00,8183555.00,949.00,937.00,945.00
356,2018-04-01,186,15347.00,14400984.00,975.00,917.00,945.00
357,2018-03-29,213,18810.00,18319193.00,987.00,967.00,970.00
358,2018-03-28,214,23753.00,22625884.00,968.00,931.00,968.00
359,2018-03-27,225,25557.00,23304842.00,950.00,888.00,939.00
360,2018-03-26,209,16921.00,15870121.00,965.00,920.00,925.00
361,2018-03-22,215,20012.00,19557394.00,990.00,969.00,975.00
362,2018-03-21,266,20783.00,20629079.00,1001.00,985.00,985.00
363,2018-03-20,171,23717.00,23766543.00,1015.00,998.00,1015.00
364,2018-03-19,122,12030.00,12261050.00,1030.00,1012.00,1015.00
365,2018-03-18,110,12162.00,12445533.00,1029.00,1019.00,1025.00
366,2018-03-15,151,11196.00,11519949.00,1035.00,1023.00,1023.00
367,2018-03-14,107,9600.00,9895232.00,1040.00,1030.00,1030.00
368,2018-03-13,141,14786.00,15241365.00,1041.00,1024.00,1030.00
369,2018-03-12,95,8110.00,8421984.00,1043.00,1035.00,1043.00
370,2018-03-11,111,11768.00,12328304.00,1060.00,1040.00,1044.00
371,2018-03-07,142,21280.00,22518994.00,1065.00,1051.00,1060.00
372,2018-03-06,88,15880.00,16382778.00,1060.00,1025.00,1050.00
373,2018-03-05,95,9593.00,9930691.00,1070.00,1031.00,1035.00
374,2018-03-04,137,13490.00,13943999.00,1045.00,1022.00,1034.00
375,2018-02-28,113,12588.00,13355553.00,1067.00,1055.00,1060.00
376,2018-02-27,64,19270.00,20383380.00,1075.00,1055.00,1068.00
377,2018-02-26,98,12348.00,13147101.00,1085.00,1059.00,1059.00
378,2018-02-25,97,10593.00,11396582.00,1090.00,1065.00,1070.00
379,2018-02-22,85,8036.00,8754206.00,1100.00,1086.00,1090.00
380,2018-02-21,41,2594.00,2833586.00,1096.00,1085.00,1095.00
381,2018-02-20,113,9378.00,10334586.00,1130.00,1093.00,1100.00
382,2018-02-18,186,19540.00,21802656.00,1126.00,1106.00,1112.00
383,2018-02-15,159,18692.00,20360424.00,1104.00,1075.00,1104.00
384,2018-02-14,98,11870.00,12624699.00,1075.00,1060.00,1068.00
385,2018-02-12,73,6125.00,6533434.00,1074.00,1061.00,1062.00
386,2018-02-11,69,6351.00,6760781.00,1070.00,1060.00,1070.00
387,2018-02-08,78,8717.00,9272016.00,1070.00,1057.00,1065.00
388,2018-02-07,75,7436.00,7896306.00,1066.00,1060.00,1066.00
389,2018-02-06,69,4578.00,4892085.00,1073.00,1065.00,1072.00
390,2018-02-05,119,12146.00,13121803.00,1092.00,1074.00,1077.00
391,2018-02-04,155,19894.00,21733406.00,1099.00,1086.00,1086.00
392,2018-02-01,145,12664.00,13798913.00,1098.00,1075.00,1090.00
393,2018-01-31,120,10033.00,10680085.00,1070.00,1058.00,1070.00
394,2018-01-29,127,11653.00,12243536.00,1055.00,1045.00,1052.00
395,2018-01-28,115,10059.00,10552455.00,1055.00,1044.00,1048.00
396,2018-01-25,77,8156.00,8413375.00,1039.00,1020.00,1037.00
397,2018-01-24,177,19823.00,20147654.00,1032.00,1010.00,1015.00
398,2018-01-23,74,6612.00,6832655.00,1040.00,1030.00,1031.00
399,2018-01-22,76,11946.00,12404528.00,1043.00,1033.00,1039.00
400,2018-01-21,126,12003.00,12403365.00,1045.00,1025.00,1039.00
401,2018-01-17,159,20617.00,21075039.00,1045.00,1010.00,1039.00
402,2018-01-16,197,22276.00,22954807.00,1066.00,1025.00,1030.00
403,2018-01-14,89,9390.00,9958623.00,1073.00,1055.00,1065.00
404,2018-01-10,112,12309.00,13268074.00,1093.00,1070.00,1070.00
405,2018-01-09,83,9727.00,10622378.00,1100.00,1089.00,1090.00
406,2018-01-08,92,14120.00,15355520.00,1097.00,1080.00,1089.00
407,2018-01-07,91,8667.00,9375573.00,1090.00,1074.00,1081.00
408,2018-01-04,64,7265.00,7729842.00,1081.00,1059.00,1080.00
409,2018-01-03,95,12532.00,13419655.00,1100.00,1050.00,1055.00
410,2018-01-02,172,24418.00,26436586.00,1101.00,1065.00,1080.00
411,2018-01-01,100,15122.00,15815821.00,1065.00,1020.00,1065.00
412,2017-12-31,174,19263.00,19872468.00,1090.00,1015.00,1020.00
413,2017-12-28,151,15690.00,17372804.00,1129.00,1085.00,1090.00
414,2017-12-27,41,2831.00,3218527.00,1143.00,1130.00,1134.00
415,2017-12-26,32,2029.00,2324230.00,1155.00,1130.00,1145.00
416,2017-12-24,42,4231.00,4869175.00,1155.00,1148.00,1150.00
417,2017-12-21,35,4245.00,4876851.00,1160.00,1145.00,1149.00
418,2017-12-20,33,2665.00,3077286.00,1160.00,1145.00,1155.00
419,2017-12-19,26,2366.00,2738360.00,1161.00,1155.00,1155.00
420,2017-12-18,23,1545.00,1794115.00,1164.00,1160.00,1160.00
421,2017-12-17,37,3691.00,4269481.00,1160.00,1150.00,1155.00
422,2017-12-14,9,1117.00,1297193.00,1169.00,1159.00,1160.00
423,2017-12-13,23,2013.00,2332412.00,1160.00,1155.00,1156.00
424,2017-12-12,12,950.00,1104025.00,1170.00,1153.00,1160.00
425,2017-12-11,36,2773.00,3216181.00,1167.00,1152.00,1167.00
426,2017-12-10,68,9654.00,11249659.00,1176.00,1155.00,1164.00
427,2017-12-06,45,4018.00,4716696.00,1180.00,1165.00,1168.00
428,2017-12-05,42,4113.00,4771619.00,1170.00,1155.00,1170.00
429,2017-12-04,45,4406.00,5182918.00,1181.00,1166.00,1166.00
430,2017-11-30,59,8116.00,9533877.00,1190.00,1170.00,1179.00
431,2017-11-29,56,11254.00,13340119.00,1190.00,1180.00,1180.00
432,2017-11-28,43,5031.00,5925569.00,1180.00,1165.00,1180.00
433,2017-11-27,48,7045.00,8269855.00,1184.00,1160.00,1165.00
434,2017-11-26,51,7461.00,8771195.00,1180.00,1170.00,1175.00
435,2017-11-23,54,5085.00,5958916.00,1175.00,1166.00,1166.00
436,2017-11-22,32,3050.00,3551417.00,1168.00,1160.00,1166.00
437,2017-11-21,52,4337.00,4981260.00,1162.00,1130.00,1145.00
438,2017-11-20,85,11937.00,13682716.00,1157.00,1140.00,1140.00
439,2017-11-19,29,2558.00,3011830.00,1200.00,1168.00,1168.00
440,2017-11-16,51,4677.00,5558767.00,1200.00,1180.00,1182.00
441,2017-11-15,98,8902.00,10679752.00,1208.00,1197.00,1200.00
442,2017-11-14,81,11066.00,13012931.00,1200.00,1163.00,1200.00
443,2017-11-13,100,10925.00,12632188.00,1165.00,1150.00,1161.00
444,2017-11-12,80,10024.00,11359344.00,1150.00,1121.00,1150.00
445,2017-11-09,177,18364.00,20877641.00,1165.00,1130.00,1130.00
446,2017-11-08,64,4291.00,5028682.00,1180.00,1165.00,1165.00
447,2017-11-07,95,9207.00,10893020.00,1195.00,1175.00,1179.00
448,2017-11-06,72,5666.00,6764751.00,1200.00,1180.00,1190.00
449,2017-11-05,70,7767.00,9320970.00,1210.00,1194.00,1203.00
450,2017-11-02,69,7706.00,9364149.00,1230.00,1208.00,1215.00
451,2017-11-01,42,3253.00,3979235.00,1235.00,1220.00,1220.00
452,2017-10-31,43,4315.00,5238973.00,1225.00,1210.00,1219.00
453,2017-10-30,51,5881.00,7210045.00,1234.00,1220.00,1225.00
454,2017-10-29,37,2416.00,2973525.00,1240.00,1225.00,1230.00
455,2017-10-25,32,2350.00,2930820.00,1265.00,1235.00,1235.00
456,2017-10-24,24,2908.00,3659420.00,1270.00,1251.00,1257.00
457,2017-10-23,30,1708.00,2169615.00,1280.00,1260.00,1265.00
458,2017-10-22,16,1070.00,1368105.00,1285.00,1270.00,1272.00
459,2017-10-18,42,4812.00,6117000.00,1280.00,1264.00,1277.00
460,2017-10-17,64,6476.00,8271853.00,1291.00,1265.00,1273.00
461,2017-10-16,64,6273.00,7799850.00,1285.00,1220.00,1285.00
462,2017-10-15,26,1432.00,1731988.00,1219.00,1200.00,1219.00
463,2017-10-12,63,6344.00,7616025.00,1205.00,1195.00,1200.00
464,2017-10-11,71,5616.00,6749975.00,1209.00,1199.00,1200.00
465,2017-10-10,30,2185.00,2631375.00,1211.00,1190.00,1205.00
466,2017-10-09,80,6902.00,8301697.00,1225.00,1200.00,1205.00
467,2017-10-08,72,5817.00,7046017.00,1245.00,1200.00,1218.00
468,2017-10-04,44,5471.00,6875981.00,1269.00,1245.00,1245.00
469,2017-10-03,27,1586.00,1988128.00,1265.00,1243.00,1265.00
470,2017-09-26,52,6134.00,7709872.00,1265.00,1251.00,1264.00
471,2017-09-25,38,2474.00,3118727.00,1265.00,1258.00,1260.00
472,2017-09-24,87,8497.00,10628509.00,1260.00,1242.00,1254.00
473,2017-09-20,97,5611.00,7065724.00,1274.00,1254.00,1254.00
474,2017-09-18,101,6829.00,8639064.00,1270.00,1255.00,1264.00
475,2017-09-17,129,8537.00,10589205.00,1255.00,1210.00,1245.00
476,2017-09-14,115,9574.00,11452752.00,1210.00,1189.00,1205.00
477,2017-09-13,83,6694.00,7895425.00,1190.00,1170.00,1185.00
478,2017-09-12,186,16172.00,19436411.00,1235.00,1191.00,1191.00
479,2017-09-11,760,63239.00,103382819.00,1650.00,1613.00,1630.00
480,2017-09-10,374,29951.00,49273019.00,1688.00,1632.00,1634.00
481,2017-09-07,313,28839.00,48861153.00,1700.00,1675.00,1675.00
482,2017-09-06,236,19799.00,33552418.00,1715.00,1670.00,1694.00
483,2017-09-04,164,13365.00,22238967.00,1701.00,1640.00,1665.00
484,2017-08-31,180,13665.00,23374198.00,1750.00,1699.00,1700.00
485,2017-08-30,163,11486.00,20085496.00,1770.00,1722.00,1737.00
486,2017-08-28,283,20703.00,36640894.00,1799.00,1758.00,1762.00
487,2017-08-27,316,31262.00,55313492.00,1810.00,1755.00,1767.00
488,2017-08-24,48,4183.00,7206550.00,1730.00,1718.00,1729.00
489,2017-08-23,65,4741.00,8214588.00,1740.00,1730.00,1730.00
490,2017-08-22,54,5422.00,9343100.00,1730.00,1717.00,1729.00
491,2017-08-21,43,3081.00,5297040.00,1730.00,1715.00,1720.00
492,2017-08-20,66,5888.00,10259197.00,1760.00,1732.00,1735.00
493,2017-08-17,94,10056.00,17274511.00,1751.00,1710.00,1737.00
494,2017-08-16,84,7982.00,13756714.00,1735.00,1713.00,1718.00
495,2017-08-15,64,5048.00,8758193.00,1749.00,1720.00,1720.00
496,2017-08-13,91,9970.00,17482991.00,1769.00,1745.00,1750.00
497,2017-08-10,117,10168.00,17881898.00,1779.00,1736.00,1758.00
498,2017-08-09,131,12288.00,21922842.00,1798.00,1775.00,1780.00
499,2017-08-07,160,17674.00,31186114.00,1773.00,1750.00,1768.00
500,2017-08-06,197,18127.00,31218211.00,1733.00,1700.00,1728.00
501,2017-08-03,184,15706.00,26155939.00,1675.00,1652.00,1667.00
502,2017-08-02,49,4095.00,6688292.00,1640.00,1630.00,1638.00
503,2017-08-01,54,3486.00,5687953.00,1642.00,1625.00,1635.00
504,2017-07-31,41,3329.00,5407310.00,1629.00,1620.00,1622.00
505,2017-07-30,44,3503.00,5680620.00,1630.00,1610.00,1620.00
506,2017-07-27,65,4790.00,7802785.00,1640.00,1625.00,1627.00
507,2017-07-26,43,3897.00,6361000.00,1643.00,1612.00,1620.00
508,2017-07-25,54,5546.00,8936508.00,1620.00,1607.00,1612.00
509,2017-07-24,78,4650.00,7517602.00,1650.00,1600.00,1610.00
510,2017-07-23,64,4811.00,7920541.00,1665.00,1630.00,1635.00
511,2017-07-20,85,6554.00,10892528.00,1670.00,1656.00,1658.00
512,2017-07-19,148,12595.00,20914375.00,1670.00,1650.00,1658.00
513,2017-07-18,150,12310.00,20156563.00,1650.00,1599.00,1638.00
514,2017-07-17,100,11170.00,17515322.00,1599.00,1540.00,1597.00
515,2017-07-16,29,2912.00,4434776.00,1530.00,1500.00,1530.00
516,2017-07-13,39,2709.00,4113818.00,1525.00,1512.00,1523.00
517,2017-07-12,36,2244.00,3394055.00,1520.00,1510.00,1519.00
518,2017-07-11,29,3583.00,5394980.00,1510.00,1500.00,1506.00
519,2017-07-10,55,6071.00,9080538.00,1505.00,1490.00,1493.00
520,2017-07-09,74,6988.00,10562849.00,1525.00,1490.00,1500.00
521,2017-07-06,41,3154.00,4686720.00,1500.00,1475.00,1500.00
522,2017-07-05,31,2783.00,4111579.00,1485.00,1475.00,1475.00
523,2017-07-04,40,2778.00,4098059.00,1479.00,1472.00,1476.00
524,2017-07-03,27,2096.00,3090420.00,1480.00,1470.00,1475.00
525,2017-07-02,56,3363.00,4948199.00,1499.00,1460.00,1479.00
526,2017-06-28,42,4402.00,6571007.00,1500.00,1485.00,1499.00
527,2017-06-27,49,3543.00,5280813.00,1499.00,1485.00,1491.00
528,2017-06-25,55,3963.00,5871812.00,1490.00,1465.00,1489.00
529,2017-06-22,46,3172.00,4636934.00,1484.00,1451.00,1452.00
530,2017-06-21,32,3699.00,5393372.00,1460.00,1450.00,1460.00
531,2017-06-20,49,4585.00,6621680.00,1455.00,1436.00,1442.00
532,2017-06-19,66,6395.00,9297531.00,1460.00,1445.00,1450.00
533,2017-06-18,41,3120.00,4601959.00,1480.00,1453.00,1459.00
534,2017-06-15,40,4356.00,6413088.00,1504.00,1458.00,1480.00
535,2017-06-14,91,10596.00,15412170.00,1460.00,1450.00,1452.00
536,2017-06-13,57,5712.00,8357364.00,1479.00,1455.00,1460.00
537,2017-06-12,97,9507.00,13894083.00,1479.00,1451.00,1460.00
538,2017-06-11,72,6190.00,9211705.00,1512.00,1470.00,1472.00
539,2017-06-08,36,3132.00,4713197.00,1515.00,1500.00,1512.00
540,2017-06-07,69,10804.00,16424306.00,1540.00,1514.00,1515.00
541,2017-06-06,96,8003.00,12067235.00,1530.00,1500.00,1519.00
542,2017-06-05,34,3695.00,5530476.00,1509.00,1480.00,1500.00
543,2017-06-04,77,8738.00,12917926.00,1501.00,1470.00,1480.00
544,2017-06-01,85,8966.00,13506747.00,1525.00,1495.00,1500.00
545,2017-05-31,61,5049.00,7578531.00,1515.00,1490.00,1500.00
546,2017-05-30,55,4117.00,6234438.00,1545.00,1499.00,1499.00
547,2017-05-28,55,4688.00,7241440.00,1553.00,1535.00,1538.00
548,2017-05-24,40,3326.00,5158553.00,1557.00,1541.00,1557.00
549,2017-05-23,33,3558.00,5515135.00,1560.00,1540.00,1550.00
550,2017-05-22,22,1271.00,1959285.00,1559.00,1535.00,1535.00
551,2017-05-21,26,1204.00,1869835.00,1560.00,1535.00,1550.00
552,2017-05-18,62,5123.00,7941445.00,1565.00,1540.00,1554.00
553,2017-05-17,39,2503.00,3897343.00,1560.00,1550.00,1560.00
554,2017-05-16,20,1888.00,2926720.00,1560.00,1536.00,1558.00
555,2017-05-15,42,3167.00,4954540.00,1577.00,1560.00,1560.00
556,2017-05-11,38,2672.00,4180311.00,1570.00,1560.00,1560.00
557,2017-05-09,34,2023.00,3151900.00,1580.00,1550.00,1560.00
558,2017-05-08,34,2702.00,4129491.00,1564.00,1520.00,1540.00
559,2017-05-07,33,3218.00,4934049.00,1560.00,1525.00,1535.00
560,2017-05-04,44,2743.00,4297693.00,1570.00,1552.00,1560.00
561,2017-05-03,37,3461.00,5428952.00,1596.00,1560.00,1569.00
562,2017-05-02,36,2341.00,3607072.00,1545.00,1535.00,1535.00
563,2017-04-30,41,6533.00,10180389.00,1580.00,1545.00,1545.00
564,2017-04-27,34,3571.00,5613711.00,1581.00,1557.00,1580.00
565,2017-04-26,29,2038.00,3204084.00,1579.00,1565.00,1574.00
566,2017-04-25,36,3009.00,4753538.00,1596.00,1570.00,1590.00
567,2017-04-24,47,4041.00,6412340.00,1600.00,1575.00,1599.00
568,2017-04-23,53,7475.00,12119151.00,1650.00,1580.00,1599.00
569,2017-04-20,35,4148.00,6434092.00,1570.00,1540.00,1551.00
570,2017-04-19,37,3753.00,5710446.00,1545.00,1500.00,1540.00
571,2017-04-18,53,2972.00,4530449.00,1556.00,1515.00,1515.00
572,2017-04-16,45,2911.00,4562607.00,1590.00,1540.00,1556.00
573,2017-04-13,63,4916.00,7804592.00,1600.00,1565.00,1590.00
574,2017-04-12,84,8132.00,13110570.00,1635.00,1592.00,1615.00
575,2017-04-11,84,9167.00,14675019.00,1628.00,1592.00,1600.00
576,2017-04-10,70,8280.00,12919959.00,1575.00,1550.00,1575.00
577,2017-04-09,59,4935.00,7720480.00,1585.00,1539.00,1568.00
578,2017-04-06,52,5503.00,8628837.00,1580.00,1556.00,1570.00
579,2017-04-04,82,8995.00,14130868.00,1594.00,1550.00,1580.00
580,2017-04-03,130,15195.00,24944664.00,1716.00,1550.00,1577.00
581,2017-04-02,55,8810.00,13863282.00,1591.00,1560.00,1579.00
582,2017-03-30,86,9746.00,15116519.00,1570.00,1541.00,1550.00
583,2017-03-29,150,18088.00,28454445.00,1606.00,1550.00,1570.00
584,2017-03-28,75,9939.00,15514194.00,1581.00,1529.00,1575.00
585,2017-03-26,109,14931.00,22420877.00,1529.00,1480.00,1500.00
586,2017-03-23,75,8543.00,12629357.00,1499.00,1465.00,1470.00
587,2017-03-22,107,12277.00,18575436.00,1538.00,1480.00,1481.00
588,2017-03-21,80,7625.00,11154867.00,1475.00,1450.00,1475.00
589,2017-03-20,83,10234.00,14841723.00,1465.00,1440.00,1460.00
590,2017-03-19,48,4640.00,6673702.00,1446.00,1430.00,1440.00
591,2017-03-16,38,3233.00,4653160.00,1449.00,1431.00,1440.00
592,2017-03-15,16,1235.00,1775926.00,1449.00,1421.00,1440.00
593,2017-03-14,17,1385.00,2011608.00,1465.00,1440.00,1449.00
594,2017-03-13,19,2366.00,3423835.00,1460.00,1435.00,1455.00
595,2017-03-09,26,3014.00,4353264.00,1463.00,1436.00,1436.00
596,2017-03-07,60,4045.00,5804665.00,1450.00,1424.00,1435.00
597,2017-03-06,58,3287.00,4814614.00,1470.00,1451.00,1469.00
598,2017-03-05,41,5909.00,8561833.00,1461.00,1395.00,1450.00
599,2017-03-02,37,3487.00,4935667.00,1421.00,1401.00,1420.00
600,2017-03-01,69,8356.00,11667455.00,1407.00,1388.00,1400.00
601,2017-02-28,48,4357.00,6066336.00,1400.00,1377.00,1395.00
602,2017-02-26,51,4770.00,6842345.00,1470.00,1405.00,1405.00
603,2017-02-23,37,2710.00,3984496.00,1485.00,1465.00,1471.00
604,2017-02-22,36,1883.00,2804625.00,1505.00,1475.00,1485.00
605,2017-02-21,96,7723.00,11784598.00,1550.00,1495.00,1515.00
606,2017-02-20,98,7377.00,11253485.00,1549.00,1510.00,1520.00
607,2017-02-19,91,7010.00,10368340.00,1500.00,1427.00,1496.00
608,2017-02-16,118,7547.00,10916859.00,1458.00,1415.00,1456.00
609,2017-02-15,71,6199.00,8619869.00,1412.00,1370.00,1412.00
610,2017-02-14,102,8847.00,12054626.00,1375.00,1346.00,1360.00
611,2017-02-13,107,10589.00,13734117.00,1380.00,1275.00,1370.00
612,2017-02-12,134,11250.00,14703980.00,1343.00,1295.00,1305.00
613,2017-02-09,70,4797.00,6617816.00,1391.00,1370.00,1370.00
614,2017-02-08,69,6077.00,8465459.00,1420.00,1382.00,1395.00
615,2017-02-07,70,7394.00,10392930.00,1422.00,1400.00,1405.00
616,2017-02-06,39,3203.00,4593482.00,1455.00,1420.00,1420.00
617,2017-02-05,39,4887.00,7173313.00,1480.00,1412.00,1455.00
618,2017-02-02,69,5462.00,7967835.00,1485.00,1440.00,1455.00
619,2017-02-01,69,5711.00,8122880.00,1450.00,1400.00,1442.00
620,2017-01-31,75,7174.00,9654758.00,1390.00,1304.00,1390.00
621,2017-01-30,103,6198.00,8563164.00,1425.00,1350.00,1365.00
622,2017-01-26,72,4524.00,6429933.00,1445.00,1400.00,1432.00
623,2017-01-25,92,7828.00,11287504.00,1459.00,1426.00,1441.00
624,2017-01-24,43,2963.00,4416101.00,1500.00,1481.00,1487.00
625,2017-01-23,33,2874.00,4328142.00,1516.00,1500.00,1500.00
626,2017-01-22,34,2713.00,4089847.00,1515.00,1500.00,1506.00
627,2017-01-19,39,3585.00,5400055.00,1515.00,1500.00,1500.00
628,2017-01-18,54,5013.00,7523545.00,1512.00,1490.00,1504.00
629,2017-01-17,39,3743.00,5639426.00,1525.00,1500.00,1505.00
630,2017-01-16,52,5298.00,8008643.00,1540.00,1505.00,1508.00
631,2017-01-15,34,2316.00,3569530.00,1550.00,1530.00,1540.00
632,2017-01-12,32,1982.00,3080102.00,1565.00,1546.00,1560.00
633,2017-01-11,37,4054.00,6277188.00,1565.00,1540.00,1565.00
634,2017-01-10,35,3248.00,5014861.00,1551.00,1525.00,1538.00
635,2017-01-09,21,1389.00,2106767.00,1529.00,1510.00,1519.00
636,2017-01-08,26,2781.00,4176835.00,1510.00,1495.00,1510.00
637,2017-01-05,41,4175.00,6307494.00,1520.00,1500.00,1505.00
638,2017-01-04,14,1430.00,2179380.00,1529.00,1515.00,1515.00
639,2017-01-03,68,5907.00,9065006.00,1550.00,1525.00,1525.00
640,2017-01-02,57,10617.00,16338631.00,1550.00,1525.00,1544.00
641,2017-01-01,42,3097.00,4755293.00,1548.00,1525.00,1530.00
642,2016-12-29,38,3186.00,4769867.00,1519.00,1481.00,1519.00
643,2016-12-28,64,6181.00,9075222.00,1485.00,1450.00,1475.00
644,2016-12-27,45,3491.00,5120574.00,1500.00,1421.00,1479.00
645,2016-12-26,59,5860.00,8839205.00,1518.00,1500.00,1508.00
646,2016-12-22,45,4389.00,6725386.00,1540.00,1524.00,1530.00
647,2016-12-21,25,2243.00,3458589.00,1561.00,1530.00,1533.00
648,2016-12-20,53,4956.00,7777705.00,1581.00,1565.00,1570.00
649,2016-12-19,47,6814.00,10728686.00,1581.00,1571.00,1580.00
650,2016-12-18,23,2536.00,3988415.00,1590.00,1565.00,1575.00
651,2016-12-15,37,3144.00,4969905.00,1596.00,1565.00,1580.00
652,2016-12-14,42,3618.00,5728110.00,1605.00,1575.00,1580.00
653,2016-12-12,37,3275.00,5234640.00,1605.00,1590.00,1590.00
654,2016-12-11,26,2229.00,3579929.00,1615.00,1600.00,1600.00
655,2016-12-08,19,2418.00,3924004.00,1635.00,1616.00,1630.00
656,2016-12-07,19,944.00,1543130.00,1640.00,1625.00,1635.00
657,2016-12-06,29,2942.00,4780580.00,1650.00,1618.00,1638.00
658,2016-12-05,28,2489.00,4064153.00,1690.00,1610.00,1640.00
659,2016-12-04,47,4200.00,6890404.00,1670.00,1600.00,1670.00
660,2016-12-01,79,7265.00,12248557.00,1734.00,1652.00,1674.00
661,2016-11-30,70,7451.00,12521920.00,1700.00,1640.00,1691.00
662,2016-11-29,72,7847.00,12789990.00,1655.00,1600.00,1655.00
663,2016-11-28,98,10412.00,15581669.00,1640.00,1450.00,1640.00
664,2016-11-27,56,4670.00,7327037.00,1588.00,1540.00,1555.00
665,2016-11-24,61,6007.00,9588915.00,1610.00,1589.00,1595.00
666,2016-11-23,68,8590.00,13764315.00,1626.00,1596.00,1600.00
667,2016-11-22,67,7277.00,11888214.00,1655.00,1605.00,1630.00
668,2016-11-21,45,5441.00,8855012.00,1680.00,1605.00,1635.00
669,2016-11-20,68,8592.00,13882593.00,1650.00,1596.00,1630.00
670,2016-11-17,77,8823.00,14794812.00,1705.00,1660.00,1670.00
671,2016-11-16,51,6094.00,10400900.00,1721.00,1695.00,1695.00
672,2016-11-15,48,4705.00,8079617.00,1725.00,1710.00,1716.00
673,2016-11-14,38,4633.00,7970265.00,1730.00,1703.00,1722.00
674,2016-11-13,61,9265.00,15814689.00,1720.00,1690.00,1703.00
675,2016-11-10,93,8482.00,14451732.00,1710.00,1697.00,1700.00
676,2016-11-09,59,5692.00,9680421.00,1716.00,1675.00,1708.00
677,2016-11-08,39,3671.00,6313451.00,1758.00,1712.00,1725.00
678,2016-11-07,34,4023.00,7029454.00,1760.00,1735.00,1739.00
679,2016-11-03,36,5932.00,10583365.00,1795.00,1760.00,1760.00
680,2016-10-27,33,3259.00,5680460.00,1755.00,1730.00,1755.00
681,2016-10-26,48,6550.00,11272100.00,1744.00,1705.00,1740.00
682,2016-10-25,30,2830.00,4889092.00,1741.00,1702.00,1729.00
683,2016-10-24,63,10127.00,17718410.00,1770.00,1740.00,1740.00
684,2016-10-23,52,8690.00,15381286.00,1785.00,1762.00,1765.00
685,2016-10-20,32,4051.00,7223760.00,1790.00,1775.00,1785.00
686,2016-10-19,37,3025.00,5418074.00,1795.00,1781.00,1790.00
687,2016-10-18,36,4476.00,7905350.00,1800.00,1746.00,1789.00
688,2016-10-17,26,4532.00,8004906.00,1780.00,1743.00,1774.00
689,2016-10-16,35,2605.00,4642309.00,1800.00,1760.00,1770.00
690,2016-10-06,60,6546.00,11715136.00,1800.00,1780.00,1780.00
691,2016-10-05,40,4046.00,7255682.00,1810.00,1780.00,1790.00
692,2016-10-04,92,10545.00,19002989.00,1809.00,1795.00,1800.00
693,2016-10-03,42,3604.00,6461854.00,1800.00,1782.00,1788.00
694,2016-10-02,60,9133.00,16362345.00,1800.00,1780.00,1780.00
695,2016-09-29,65,7195.00,12785186.00,1798.00,1760.00,1792.00
696,2016-09-28,35,2686.00,4744328.00,1770.00,1757.00,1764.00
697,2016-09-27,62,6462.00,11435671.00,1785.00,1760.00,1768.00
698,2016-09-26,56,6711.00,11679900.00,1781.00,1685.00,1781.00
699,2016-09-25,119,14267.00,24342238.00,1760.00,1700.00,1700.00
700,2016-09-22,149,16998.00,30054915.00,1800.00,1750.00,1765.00
701,2016-09-20,616,75157.00,177472126.00,2390.00,2340.00,2350.00
702,2016-09-18,224,24822.00,59285119.00,2430.00,2360.00,2369.00
703,2016-09-14,201,25405.00,61248082.00,2450.00,2400.00,2411.00
704,2016-09-12,80,10027.00,23962252.00,2405.00,2375.00,2390.00
705,2016-09-11,98,7702.00,18568688.00,2440.00,2400.00,2410.00
706,2016-09-08,164,15550.00,38046707.00,2469.00,2430.00,2438.00
707,2016-09-07,401,54493.00,135268678.00,2548.00,2450.00,2468.00
708,2016-09-06,68,9151.00,22552693.00,2495.00,2395.00,2450.00
709,2016-09-05,71,9127.00,22483013.00,2479.00,2450.00,2472.00
710,2016-09-04,36,4415.00,10634930.00,2420.00,2372.00,2408.00
711,2016-09-01,39,5878.00,13901308.00,2377.00,2350.00,2365.00
712,2016-08-31,53,4905.00,11539594.00,2364.00,2340.00,2360.00
713,2016-08-30,32,3240.00,7671372.00,2380.00,2350.00,2368.00
714,2016-08-29,70,10886.00,25511496.00,2380.00,2320.00,2320.00
715,2016-08-28,59,7682.00,17670195.00,2340.00,2274.00,2325.00
716,2016-08-24,48,5288.00,12135794.00,2305.00,2280.00,2300.00
717,2016-08-23,34,4326.00,9855006.00,2290.00,2270.00,2289.00
718,2016-08-22,44,5345.00,12158741.00,2300.00,2265.00,2277.00
719,2016-08-21,41,4223.00,9697107.00,2310.00,2280.00,2290.00
720,2016-08-17,61,5701.00,13075194.00,2305.00,2275.00,2290.00
721,2016-08-16,52,5042.00,11372478.00,2290.00,2215.00,2285.00
722,2016-08-15,64,6011.00,13641625.00,2300.00,2205.00,2260.00
723,2016-08-14,93,9548.00,22588898.00,2400.00,2321.00,2340.00
724,2016-08-11,41,6065.00,14291662.00,2397.00,2340.00,2360.00
725,2016-08-10,90,11058.00,25749632.00,2420.00,2290.00,2350.00
726,2016-08-09,2,100.00,232450.00,2329.00,2284.00,2329.00
727,2016-08-08,50,5806.00,13159207.00,2316.00,2240.00,2240.00
728,2016-08-07,44,6957.00,16485239.00,2399.00,2340.00,2345.00
729,2016-08-04,66,7256.00,17027938.00,2385.00,2320.00,2342.00
730,2016-08-03,56,5966.00,14289749.00,2412.00,2376.00,2385.00
731,2016-08-02,24,2757.00,6660622.00,2440.00,2400.00,2440.00
732,2016-08-01,42,4693.00,11468744.00,2470.00,2420.00,2451.00
733,2016-07-31,65,9411.00,23312388.00,2495.00,2368.00,2463.00
734,2016-07-28,92,16728.00,41227508.00,2500.00,2435.00,2465.00
735,2016-07-27,90,13182.00,32507081.00,2480.00,2450.00,2466.00
736,2016-07-26,88,15494.00,38109946.00,2500.00,2445.00,2450.00
737,2016-07-25,81,10227.00,25020168.00,2480.00,2435.00,2460.00
738,2016-07-21,56,8852.00,21479672.00,2445.00,2400.00,2425.00
739,2016-07-20,104,14158.00,34421481.00,2463.00,2411.00,2420.00
740,2016-07-19,95,16715.00,40374690.00,2450.00,2390.00,2415.00
741,2016-07-18,83,12061.00,28855592.00,2417.00,2370.00,2389.00
742,2016-07-17,52,7199.00,17057573.00,2395.00,2345.00,2370.00
743,2016-07-14,65,8541.00,20036001.00,2397.00,2325.00,2344.00
744,2016-07-13,48,6603.00,15346414.00,2340.00,2281.00,2330.00
745,2016-07-12,63,11880.00,27972232.00,2382.00,2250.00,2363.00
746,2016-07-11,35,4852.00,11547740.00,2400.00,2360.00,2380.00
747,2016-07-10,57,12007.00,28737230.00,2408.00,2382.00,2395.00
748,2016-07-06,49,7384.00,17595184.00,2399.00,2370.00,2375.00
749,2016-07-05,59,9924.00,23697726.00,2400.00,2371.00,2380.00
750,2016-07-04,33,5504.00,13161698.00,2400.00,2380.00,2395.00
751,2016-07-03,69,7898.00,18904196.00,2404.00,2389.00,2400.00
752,2016-06-30,56,7877.00,18924819.00,2432.00,2382.00,2410.00
753,2016-06-29,54,5774.00,14256740.00,2490.00,2450.00,2450.00
754,2016-06-28,108,17785.00,44094280.00,2509.00,2450.00,2471.00
755,2016-06-27,109,26477.00,64200763.00,2460.00,2400.00,2450.00
756,2016-06-26,109,17602.00,41882197.00,2412.00,2350.00,2400.00
757,2016-06-23,94,15451.00,35710514.00,2380.00,2285.00,2340.00
758,2016-06-22,65,8859.00,20423842.00,2330.00,2290.00,2308.00
759,2016-06-21,43,7090.00,16194138.00,2295.00,2275.00,2286.00
760,2016-06-20,33,5110.00,11644430.00,2300.00,2275.00,2276.00
761,2016-06-19,24,2634.00,6000575.00,2299.00,2260.00,2275.00
762,2016-06-16,51,6768.00,15501866.00,2298.00,2280.00,2295.00
763,2016-06-15,30,4013.00,9187502.00,2310.00,2280.00,2289.00
764,2016-06-14,80,13714.00,31687898.00,2330.00,2280.00,2280.00
765,2016-06-13,91,11973.00,27983482.00,2433.00,2281.00,2310.00
766,2016-06-12,65,10137.00,23242292.00,2360.00,2200.00,2341.00
767,2016-06-09,51,6121.00,13678936.00,2241.00,2229.00,2239.00
768,2016-06-08,27,3432.00,7667181.00,2241.00,2225.00,2241.00
769,2016-06-07,29,2553.00,5658496.00,2240.00,2200.00,2235.00
770,2016-06-06,53,5723.00,12518853.00,2200.00,2170.00,2195.00
771,2016-06-05,78,9695.00,21155838.00,2205.00,2150.00,2150.00
772,2016-06-02,61,7999.00,17637677.00,2220.00,2190.00,2208.00
773,2016-06-01,95,13154.00,29088211.00,2230.00,2200.00,2220.00
774,2016-05-31,98,14443.00,32186543.00,2260.00,2211.00,2220.00
775,2016-05-30,42,5929.00,13352974.00,2260.00,2233.00,2241.00
776,2016-05-29,54,8274.00,18707696.00,2275.00,2251.00,2268.00
777,2016-05-26,116,21199.00,47754552.00,2295.00,2230.00,2271.00
778,2016-05-25,108,17473.00,40051296.00,2340.00,2255.00,2280.00
779,2016-05-24,110,22878.00,52697801.00,2315.00,2255.00,2310.00
780,2016-05-23,84,17102.00,39009362.00,2286.00,2275.00,2275.00
781,2016-05-22,65,8195.00,18660899.00,2290.00,2270.00,2273.00
782,2016-05-19,82,12779.00,29084875.00,2294.00,2260.00,2281.00
783,2016-05-18,47,7071.00,16026511.00,2270.00,2260.00,2270.00
784,2016-05-17,53,6183.00,13872052.00,2270.00,2195.00,2270.00
785,2016-05-16,36,4570.00,10197911.00,2248.00,2226.00,2227.00
786,2016-05-15,55,6561.00,14728118.00,2260.00,2237.00,2237.00
787,2016-05-12,43,4234.00,9538454.00,2265.00,2242.00,2250.00
788,2016-05-11,45,6580.00,14848016.00,2269.00,2241.00,2269.00
789,2016-05-10,49,5672.00,12866703.00,2284.00,2262.00,2269.00
790,2016-05-09,59,11426.00,25992976.00,2290.00,2265.00,2280.00
791,2016-05-08,83,17095.00,38769523.00,2295.00,2260.00,2270.00
792,2016-05-05,82,11076.00,24709840.00,2244.00,2200.00,2232.00
793,2016-05-04,63,7234.00,16373351.00,2270.00,2251.00,2260.00
794,2016-05-03,73,7205.00,16605804.00,2320.00,2281.00,2281.00
795,2016-05-02,111,13851.00,31761852.00,2303.00,2250.00,2302.00
796,2016-04-28,63,6911.00,15516427.00,2260.00,2236.00,2237.00
797,2016-04-27,40,5481.00,12201815.00,2234.00,2205.00,2232.00
798,2016-04-26,53,6028.00,13554006.00,2258.00,2230.00,2235.00
799,2016-04-25,87,12157.00,27314842.00,2260.00,2231.00,2260.00
800,2016-04-24,70,23129.00,51919320.00,2261.00,2235.00,2251.00
801,2016-04-21,82,10389.00,23215922.00,2261.00,2220.00,2241.00
802,2016-04-20,103,12612.00,28469771.00,2280.00,2240.00,2260.00
803,2016-04-19,112,20539.00,45364157.00,2234.00,2196.00,2200.00
804,2016-04-18,80,19064.00,41178653.00,2174.00,2120.00,2170.00
805,2016-04-17,81,16462.00,34926161.00,2133.00,2115.00,2119.00
806,2016-04-14,65,16535.00,34970840.00,2121.00,2110.00,2120.00
807,2016-04-12,57,12264.00,25869937.00,2115.00,2095.00,2110.00
808,2016-04-11,39,5118.00,10692807.00,2100.00,2075.00,2100.00
809,2016-04-10,54,6121.00,12790743.00,2099.00,2080.00,2090.00
810,2016-04-06,70,6587.00,13794048.00,2105.00,2082.00,2092.00
811,2016-04-05,65,9382.00,19635849.00,2110.00,2080.00,2091.00
812,2016-04-04,56,6426.00,13281932.00,2075.00,2044.00,2065.00
813,2016-04-03,70,16615.00,33743679.00,2065.00,2008.00,2044.00
814,2016-03-31,53,6321.00,13098676.00,2099.00,2050.00,2060.00
815,2016-03-30,66,9623.00,20151124.00,2110.00,2089.00,2090.00
816,2016-03-29,72,12316.00,25924743.00,2120.00,2069.00,2099.00
817,2016-03-28,146,21421.00,45694476.00,2200.00,2111.00,2120.00
818,2016-03-27,163,24872.00,51892909.00,2115.00,1990.00,2111.00
819,2016-03-24,134,19150.00,37601403.00,1986.00,1930.00,1985.00
820,2016-03-23,65,9561.00,18393381.00,1930.00,1918.00,1925.00
821,2016-03-21,48,5128.00,9865397.00,1938.00,1910.00,1919.00
822,2016-03-20,44,6955.00,13252244.00,1919.00,1900.00,1910.00
823,2016-03-17,45,4783.00,9069788.00,1909.00,1887.00,1900.00
824,2016-03-16,36,4862.00,9190429.00,1905.00,1885.00,1895.00
825,2016-03-15,29,2344.00,4424250.00,1900.00,1880.00,1890.00
826,2016-03-14,31,2691.00,5115228.00,1910.00,1895.00,1895.00
827,2016-03-13,57,6881.00,13083531.00,1905.00,1895.00,1904.00
828,2016-03-10,48,5309.00,10105512.00,1925.00,1890.00,1900.00
829,2016-03-06,52,6376.00,12235877.00,1932.00,1909.00,1909.00
830,2016-03-03,50,5331.00,10131086.00,1907.00,1891.00,1900.00
831,2016-03-02,53,7900.00,15024205.00,1907.00,1900.00,1900.00
832,2016-03-01,37,4458.00,8500933.00,1915.00,1900.00,1900.00
833,2016-02-29,33,5612.00,10699130.00,1920.00,1900.00,1906.00
834,2016-02-28,23,2725.00,5243044.00,1929.00,1920.00,1920.00
835,2016-02-25,31,4285.00,8201124.00,1925.00,1877.00,1921.00
836,2016-02-24,28,4195.00,8173834.00,1960.00,1915.00,1915.00
837,2016-02-23,38,5681.00,11120212.00,1985.00,1940.00,1950.00
838,2016-02-22,41,4212.00,8100299.00,1976.00,1900.00,1955.00
839,2016-02-21,32,4217.00,8037612.00,1925.00,1893.00,1907.00
840,2016-02-18,27,3228.00,6107877.00,1898.00,1887.00,1893.00
841,2016-02-17,37,5273.00,9921710.00,1886.00,1878.00,1886.00
842,2016-02-16,13,1449.00,2729880.00,1890.00,1880.00,1880.00
843,2016-02-15,16,2053.00,3871125.00,1900.00,1875.00,1900.00
844,2016-02-14,36,4307.00,8177340.00,1901.00,1890.00,1900.00
845,2016-02-11,26,3387.00,6478655.00,1930.00,1900.00,1912.00
846,2016-02-08,30,3886.00,7468657.00,1935.00,1915.00,1919.00
847,2016-02-07,39,4515.00,8802174.00,1970.00,1930.00,1935.00
848,2016-02-04,30,4192.00,8053652.00,1935.00,1905.00,1917.00
849,2016-02-03,14,2036.00,3867380.00,1905.00,1894.00,1900.00
850,2016-02-02,25,3778.00,7202280.00,1929.00,1890.00,1900.00
851,2016-02-01,25,3476.00,6644660.00,1923.00,1892.00,1905.00
852,2016-01-31,17,3302.00,6244026.00,1900.00,1880.00,1890.00
853,2016-01-28,19,2050.00,3870528.00,1899.00,1880.00,1890.00
854,2016-01-27,19,2929.00,5542578.00,1900.00,1884.00,1885.00
855,2016-01-26,31,3551.00,6736225.00,1904.00,1888.00,1898.00
856,2016-01-25,33,4535.00,8654046.00,1920.00,1900.00,1920.00
857,2016-01-24,27,2193.00,4158222.00,1910.00,1882.00,1895.00
858,2016-01-21,21,2078.00,3970476.00,1920.00,1905.00,1905.00
859,2016-01-20,31,3643.00,7004374.00,1935.00,1915.00,1921.00
860,2016-01-19,18,1608.00,3073190.00,1930.00,1880.00,1920.00
861,2016-01-18,77,9726.00,18868334.00,1965.00,1920.00,1920.00
862,2016-01-17,36,4290.00,8106517.00,1899.00,1870.00,1890.00
863,2016-01-14,40,5613.00,10338997.00,1860.00,1820.00,1850.00
864,2016-01-13,24,3603.00,6564863.00,1830.00,1814.00,1814.00
865,2016-01-12,11,1925.00,3516550.00,1830.00,1820.00,1830.00
866,2016-01-11,30,3689.00,6732112.00,1835.00,1820.00,1826.00
867,2016-01-10,8,1164.00,2117420.00,1825.00,1810.00,1820.00
868,2016-01-07,21,2329.00,4199850.00,1815.00,1800.00,1815.00
869,2016-01-06,25,2708.00,4879560.00,1808.00,1795.00,1795.00
870,2016-01-05,31,4394.00,7944147.00,1829.00,1798.00,1800.00
871,2016-01-04,28,2496.00,4504646.00,1850.00,1800.00,1800.00
872,2016-01-03,15,2053.00,3792720.00,1860.00,1825.00,1840.00
873,2015-12-31,16,1657.00,3084760.00,1870.00,1855.00,1860.00
874,2015-12-29,19,2077.00,3829700.00,1854.00,1820.00,1853.00
875,2015-12-28,23,3102.00,5614520.00,1820.00,1800.00,1820.00
876,2015-12-27,37,6169.00,11131483.00,1820.00,1800.00,1800.00
877,2015-12-24,35,10147.00,18410087.00,1830.00,1810.00,1815.00
878,2015-12-23,26,4272.00,7777635.00,1840.00,1800.00,1821.00
879,2015-12-22,44,11125.00,20143549.00,1841.00,1800.00,1840.00
880,2015-12-21,25,3696.00,6690015.00,1825.00,1800.00,1800.00
881,2015-12-20,16,2620.00,4782280.00,1844.00,1815.00,1830.00
882,2015-12-17,20,17060.00,30968946.00,1860.00,1810.00,1842.00
883,2015-12-16,13,1084.00,2007985.00,1865.00,1850.00,1854.00
884,2015-12-15,18,1870.00,3509035.00,1890.00,1860.00,1860.00
885,2015-12-14,10,1024.00,1930680.00,1890.00,1880.00,1890.00
886,2015-12-13,15,1240.00,2352393.00,1903.00,1881.00,1903.00
887,2015-12-10,22,1769.00,3388470.00,1940.00,1900.00,1900.00
888,2015-12-09,19,2083.00,4013371.00,1940.00,1910.00,1940.00
889,2015-12-08,8,670.00,1257820.00,1900.00,1858.00,1900.00
890,2015-12-07,39,3087.00,5864520.00,1950.00,1850.00,1895.00
891,2015-12-06,29,2215.00,4012631.00,1840.00,1799.00,1819.00
892,2015-12-03,105,9386.00,21252984.00,2300.00,2205.00,2300.00
893,2015-12-02,63,6332.00,14007120.00,2250.00,2181.00,2248.00
894,2015-12-01,29,2984.00,6067070.00,2220.00,2131.00,2200.00
895,2015-11-30,30,3522.00,7283728.00,2090.00,2046.00,2090.00
896,2015-11-29,66,7340.00,14833512.00,2100.00,2000.00,2020.00
897,2015-11-26,37,4339.00,9021320.00,2130.00,2060.00,2100.00
898,2015-11-25,17,1678.00,3595925.00,2160.00,2125.00,2130.00
899,2015-11-24,35,3418.00,7489420.00,2210.00,2170.00,2180.00
900,2015-11-23,17,1707.00,3685930.00,2210.00,2100.00,2210.00
901,2015-11-22,29,2830.00,6275660.00,2255.00,2200.00,2205.00
902,2015-11-19,17,1574.00,3612684.00,2300.00,2288.00,2288.00
903,2015-11-18,24,1524.00,3510748.00,2315.00,2300.00,2309.00
904,2015-11-16,7,628.00,1433645.00,2290.00,2275.00,2288.00
905,2015-11-15,7,911.00,2082325.00,2305.00,2275.00,2305.00
906,2015-11-10,10,850.00,1965700.00,2320.00,2300.00,2310.00
907,2015-11-09,20,2009.00,4594327.00,2320.00,2270.00,2280.00
908,2015-11-08,15,1418.00,3176274.00,2251.00,2225.00,2249.00
909,2015-11-05,15,1347.00,3033200.00,2260.00,2250.00,2250.00
910,2015-11-04,9,1000.00,2276820.00,2280.00,2270.00,2280.00
911,2015-11-03,10,1031.00,2344215.00,2289.00,2266.00,2270.00
912,2015-11-02,29,2382.00,5510138.00,2330.00,2290.00,2310.00
913,2015-11-01,24,3800.00,8594064.00,2300.00,2250.00,2275.00
914,2015-10-29,23,3741.00,8448297.00,2290.00,2242.00,2279.00
915,2015-10-28,38,4705.00,10402602.00,2270.00,2190.00,2240.00
916,2015-10-27,26,2207.00,5059207.00,2340.00,2280.00,2280.00
917,2015-10-25,1,200.00,471200.00,2356.00,2356.00,2356.00
918,2015-10-19,15,1322.00,3169010.00,2430.00,2345.00,2400.00
919,2015-10-18,9,635.00,1493676.00,2358.00,2350.00,2358.00
920,2015-10-15,8,645.00,1521400.00,2360.00,2355.00,2360.00
921,2015-10-14,11,1262.00,2992977.00,2398.00,2350.00,2375.00
922,2015-10-11,45,5062.00,12241614.00,2480.00,2375.00,2375.00
923,2015-10-08,60,8804.00,20635604.00,2440.00,2300.00,2440.00
924,2015-10-07,44,4895.00,11447238.00,2390.00,2315.00,2350.00
925,2015-10-06,59,5150.00,12351734.00,2415.00,2392.00,2395.00
926,2015-10-05,95,8896.00,21771525.00,2519.00,2400.00,2440.00
927,2015-10-04,41,3832.00,9876182.00,2600.00,2570.00,2570.00
928,2015-10-01,36,4485.00,11504117.00,2579.00,2550.00,2550.00
929,2015-09-30,32,3841.00,9859330.00,2580.00,2550.00,2560.00
930,2015-09-29,13,1860.00,4725620.00,2550.00,2530.00,2540.00
931,2015-09-28,60,7147.00,17703328.00,2524.00,2425.00,2491.00
932,2015-09-24,29,2943.00,7555426.00,2610.00,2550.00,2575.00
933,2015-09-23,44,4063.00,10537282.00,2710.00,2560.00,2600.00
934,2015-09-22,64,6135.00,15521702.00,2601.00,2490.00,2510.00
935,2015-09-17,66,7164.00,19041772.00,2725.00,2640.00,2640.00
936,2015-09-16,62,8423.00,22567493.00,2720.00,2665.00,2675.00
937,2015-09-15,69,7770.00,20516731.00,2674.00,2616.00,2674.00
938,2015-09-14,55,5240.00,13573291.00,2630.00,2555.00,2578.00
939,2015-09-13,33,3986.00,10001455.00,2530.00,2500.00,2505.00
940,2015-09-10,40,3357.00,8397158.00,2515.00,2496.00,2500.00
941,2015-09-09,27,2291.00,5806557.00,2550.00,2511.00,2511.00
942,2015-09-08,36,5434.00,13776803.00,2548.00,2527.00,2531.00
943,2015-09-07,53,6420.00,16014820.00,2510.00,2480.00,2499.00
944,2015-09-06,59,7695.00,18802603.00,2475.00,2400.00,2450.00
945,2015-09-03,65,7315.00,18111891.00,2505.00,2454.00,2465.00
946,2015-09-02,64,5980.00,14943763.00,2550.00,2456.00,2480.00
947,2015-09-01,41,4880.00,12647168.00,2606.00,2570.00,2579.00
948,2015-08-31,29,5198.00,13453175.00,2600.00,2580.00,2599.00
949,2015-08-27,50,5228.00,13576291.00,2615.00,2570.00,2580.00
950,2015-08-26,15,1184.00,3037894.00,2585.00,2555.00,2556.00
951,2015-08-25,36,2958.00,7632299.00,2600.00,2566.00,2579.00
952,2015-08-24,72,7472.00,19749950.00,2680.00,2600.00,2610.00
953,2015-08-23,59,7495.00,19997687.00,2719.00,2630.00,2670.00
954,2015-08-20,62,8915.00,24323562.00,2794.00,2690.00,2695.00
955,2015-08-19,56,7336.00,19801617.00,2709.00,2660.00,2690.00
956,2015-08-18,79,14079.00,37884886.00,2784.00,2637.00,2700.00
957,2015-08-17,85,14195.00,38037986.00,2750.00,2623.00,2690.00
958,2015-08-16,46,8792.00,22527001.00,2650.00,2519.00,2595.00
959,2015-08-13,44,7919.00,19665031.00,2500.00,2440.00,2500.00
960,2015-08-12,31,4389.00,10813385.00,2480.00,2430.00,2471.00
961,2015-08-11,41,5823.00,14389685.00,2500.00,2450.00,2470.00
962,2015-08-10,41,7210.00,17720378.00,2493.00,2420.00,2490.00
963,2015-08-09,59,7017.00,16573520.00,2398.00,2320.00,2398.00
964,2015-08-06,56,9493.00,21862365.00,2340.00,2290.00,2300.00
965,2015-08-05,36,6523.00,14888547.00,2290.00,2279.00,2280.00
966,2015-08-04,50,6686.00,15297316.00,2310.00,2271.00,2289.00
967,2015-08-03,47,6203.00,14277900.00,2310.00,2298.00,2309.00
968,2015-08-02,37,6054.00,13965681.00,2346.00,2300.00,2310.00
969,2015-07-30,50,5450.00,12569640.00,2346.00,2240.00,2300.00
970,2015-07-29,54,7549.00,16862729.00,2250.00,2225.00,2240.00
971,2015-07-28,109,15694.00,35845593.00,2305.00,2200.00,2250.00
972,2015-07-27,163,46545.00,106375274.00,2300.00,2132.00,2300.00
973,2015-07-26,3,2070.00,4326320.00,2091.00,2050.00,2091.00
974,2015-07-23,32,6999.00,13534355.00,2010.00,1900.00,2010.00
975,2015-07-22,28,3604.00,6889520.00,1925.00,1900.00,1900.00
976,2015-07-16,17,2248.00,4305412.00,1930.00,1901.00,1910.00
977,2015-07-15,5,1266.00,2428256.00,1930.00,1916.00,1930.00
978,2015-07-14,5,439.00,842235.00,1925.00,1910.00,1920.00
979,2015-07-13,12,1398.00,2682482.00,1932.00,1907.00,1924.00
980,2015-07-12,18,2796.00,5340413.00,1935.00,1900.00,1935.00
981,2015-07-09,13,1628.00,3111656.00,1922.00,1900.00,1920.00
982,2015-07-08,14,1567.00,2993030.00,1916.00,1905.00,1910.00
983,2015-07-07,12,3906.00,7446764.00,1930.00,1902.00,1911.00
984,2015-07-06,10,902.00,1716051.00,1923.00,1900.00,1923.00
985,2015-07-05,15,2251.00,4299905.00,1920.00,1901.00,1919.00
986,2015-07-02,23,2986.00,5688400.00,1910.00,1900.00,1909.00
987,2015-07-01,16,2457.00,4670342.00,1925.00,1896.00,1909.00
988,2015-06-30,10,2117.00,4027677.00,1930.00,1892.00,1909.00
989,2015-06-29,22,3878.00,7375169.00,1920.00,1890.00,1905.00
990,2015-06-28,19,911.00,1727832.00,1901.00,1886.00,1900.00
991,2015-06-25,11,3274.00,6139451.00,1885.00,1850.00,1885.00
992,2015-06-24,7,1352.00,2547282.00,1885.00,1880.00,1881.00
993,2015-06-23,20,2293.00,4258687.00,1880.00,1851.00,1880.00
994,2015-06-22,11,3016.00,5640320.00,1885.00,1860.00,1875.00
995,2015-06-21,3,436.00,812460.00,1875.00,1860.00,1875.00
996,2015-06-18,2,332.00,624160.00,1880.00,1880.00,1880.00
997,2015-06-17,15,2620.00,4942650.00,1900.00,1881.00,1881.00
998,2015-06-16,7,600.00,1148600.00,1930.00,1900.00,1900.00
999,2015-06-14,13,1089.00,2103841.00,1965.00,1921.00,1925.00
1000,2015-06-11,5,661.00,1290120.00,1970.00,1940.00,1940.00
1001,2015-06-10,20,3961.00,7875610.00,2002.00,1980.00,1982.00
1002,2015-06-09,25,2923.00,5847470.00,2010.00,1963.00,2010.00
1003,2015-06-08,8,478.00,921615.00,1940.00,1915.00,1935.00
1004,2015-06-07,9,1707.00,3256977.00,1911.00,1900.00,1910.00
1005,2015-06-04,22,2197.00,4180105.00,1930.00,1880.00,1900.00
1006,2015-06-03,18,1392.00,2626491.00,1908.00,1860.00,1908.00
1007,2015-06-02,15,1778.00,3240211.00,1850.00,1810.00,1850.00
1008,2015-06-01,30,2683.00,4851418.00,1841.00,1750.00,1819.00
1009,2015-05-31,19,2975.00,4991217.00,1723.00,1634.00,1723.00
1010,2015-05-28,34,4064.00,6531302.00,1632.00,1575.00,1602.00
1011,2015-05-27,20,2258.00,3624598.00,1640.00,1585.00,1615.00
1012,2015-05-26,62,7687.00,12747929.00,1695.00,1603.00,1650.00
1013,2015-05-25,17,731.00,1255462.00,1864.00,1712.00,1712.00
1014,2015-04-23,14,2509.00,4720157.00,1905.00,1870.00,1902.00
1015,2015-04-22,9,2300.00,4342263.00,1916.00,1880.00,1900.00
1016,2015-04-21,16,6138.00,11673100.00,1930.00,1900.00,1930.00
1017,2015-04-20,10,1739.00,3328892.00,1940.00,1900.00,1940.00
1018,2015-04-19,15,1956.00,3730107.00,1930.00,1895.00,1925.00
1019,2015-04-16,18,1399.00,2653345.00,1950.00,1885.00,1950.00
1020,2015-04-15,8,738.00,1407662.00,1930.00,1895.00,1895.00
1021,2015-04-13,18,1721.00,3272207.00,1930.00,1895.00,1920.00
1022,2015-04-12,18,1785.00,3431332.00,1960.00,1900.00,1940.00
1023,2015-04-09,8,633.00,1208252.00,1930.00,1900.00,1905.00
1024,2015-04-08,9,649.00,1217264.00,1895.00,1865.00,1895.00
1025,2015-04-07,2,134.00,250580.00,1870.00,1870.00,1870.00
1026,2015-04-06,6,719.00,1330820.00,1880.00,1830.00,1880.00
1027,2015-04-05,18,1849.00,3434141.00,1870.00,1850.00,1865.00
1028,2015-04-02,17,1601.00,2988530.00,1889.00,1855.00,1889.00
1029,2015-04-01,4,232.00,433066.00,1875.00,1860.00,1875.00
1030,2015-03-31,8,808.00,1520110.00,1890.00,1875.00,1875.00
1031,2015-03-30,13,1513.00,2843687.00,1882.00,1879.00,1881.00
1032,2015-03-29,10,794.00,1475640.00,1880.00,1840.00,1880.00
1033,2015-03-26,14,1816.00,3400931.00,1887.00,1860.00,1870.00
1034,2015-03-25,20,1876.00,3516953.00,1901.00,1865.00,1887.00
1035,2015-03-24,6,919.00,1728920.00,1900.00,1880.00,1900.00
1036,2015-03-23,14,1911.00,3617548.00,1904.00,1888.00,1900.00
1037,2015-03-22,26,2388.00,4557894.00,1920.00,1900.00,1909.00
1038,2015-03-19,8,803.00,1527658.00,1925.00,1900.00,1925.00
1039,2015-03-18,9,1952.00,3692675.00,1917.00,1880.00,1901.00
1040,2015-03-17,16,1912.00,3651617.00,1920.00,1905.00,1906.00
1041,2015-03-16,6,681.00,1301787.00,1920.00,1910.00,1911.00
1042,2015-03-15,10,851.00,1636610.00,1930.00,1916.00,1925.00
1043,2015-03-12,4,504.00,977335.00,1945.00,1930.00,1945.00
1044,2015-03-11,11,855.00,1664530.00,1960.00,1940.00,1960.00
1045,2015-03-10,10,1395.00,2728807.00,1972.00,1940.00,1942.00
1046,2015-03-09,15,2158.00,4217541.00,1975.00,1949.00,1961.00
1047,2015-03-04,14,1399.00,2724340.00,1961.00,1935.00,1940.00
1048,2015-03-03,3,316.00,608720.00,1930.00,1920.00,1930.00
1049,2015-03-02,10,6343.00,12183125.00,1930.00,1920.00,1925.00
1050,2015-03-01,10,1809.00,3458343.00,1940.00,1903.00,1930.00
1051,2015-02-26,3,470.00,905510.00,1960.00,1921.00,1926.00
1052,2015-02-25,14,1894.00,3683077.00,1952.00,1940.00,1952.00
1053,2015-02-24,6,499.00,964405.00,1950.00,1915.00,1950.00
1054,2015-02-23,12,3583.00,6894274.00,1940.00,1905.00,1939.00
1055,2015-02-22,16,2341.00,4550881.00,1960.00,1930.00,1947.00
1056,2015-02-18,17,1539.00,3044549.00,1985.00,1975.00,1985.00
1057,2015-02-16,10,1483.00,2951561.00,2000.00,1985.00,1995.00
1058,2015-02-15,18,2124.00,4247110.00,2004.00,1996.00,2000.00
1059,2015-02-12,20,2850.00,5691835.00,2005.00,1985.00,2005.00
1060,2015-02-11,3,418.00,835364.00,2000.00,1998.00,1998.00
1061,2015-02-10,9,1360.00,2710990.00,1998.00,1990.00,1998.00
1062,2015-02-09,20,2813.00,5618126.00,2010.00,1980.00,1990.00
1063,2015-02-08,13,1634.00,3277487.00,2017.00,2000.00,2010.00
1064,2015-02-05,25,3419.00,6856410.00,2020.00,1995.00,2012.00
1065,2015-02-04,23,4416.00,8876687.00,2025.00,2001.00,2010.00
1066,2015-02-03,29,4156.00,8390754.00,2055.00,2006.00,2021.00
1067,2015-02-02,44,5873.00,12015024.00,2062.00,2033.00,2050.00
1068,2015-02-01,22,2215.00,4513349.00,2060.00,1912.00,2051.00
1069,2015-01-29,29,2342.00,4698028.00,2030.00,1990.00,2012.00
1070,2015-01-28,40,4973.00,9944142.00,2020.00,1974.00,2020.00
1071,2015-01-27,16,1708.00,3346409.00,1974.00,1950.00,1974.00
1072,2015-01-26,26,3083.00,6036055.00,1986.00,1950.00,1950.00
1073,2015-01-25,17,2272.00,4388920.00,1960.00,1876.00,1950.00
1074,2015-01-22,18,2851.00,5397395.00,1940.00,1853.00,1940.00
1075,2015-01-20,25,2981.00,5786255.00,1950.00,1932.00,1950.00
1076,2015-01-19,33,22822.00,43072341.00,2038.00,1857.00,1982.00
1077,2015-01-18,13,1573.00,2963745.00,1894.00,1866.00,1894.00
1078,2015-01-14,7,643.00,1206928.00,1890.00,1866.00,1869.00
1079,2015-01-13,12,1921.00,3545220.00,1890.00,1825.00,1890.00
1080,2015-01-12,7,490.00,905390.00,1859.00,1840.00,1855.00
1081,2015-01-11,10,1113.00,2075796.00,1881.00,1855.00,1855.00
1082,2015-01-08,8,1201.00,2264832.00,1901.00,1880.00,1890.00
1083,2015-01-07,15,1365.00,2568485.00,1898.00,1870.00,1885.00
1084,2015-01-06,5,421.00,780690.00,1862.00,1852.00,1852.00
1085,2015-01-05,20,2264.00,4261634.00,1901.00,1855.00,1886.00
1086,2015-01-04,16,1918.00,3596189.00,1889.00,1866.00,1880.00
1087,2015-01-01,17,2383.00,4425236.00,1875.00,1835.00,1875.00
1088,2014-12-31,21,2162.00,3960220.00,1855.00,1820.00,1820.00
1089,2014-12-29,15,1493.00,2784276.00,1890.00,1835.00,1873.00
1090,2014-12-28,16,2045.00,3812190.00,1892.00,1858.00,1870.00
1091,2014-12-24,18,3276.00,5968546.00,1856.00,1800.00,1856.00
1092,2014-12-23,10,1178.00,2122388.00,1810.00,1800.00,1800.00
1093,2014-12-22,11,1715.00,3156500.00,1900.00,1825.00,1836.00
1094,2014-12-18,9,701.00,1329510.00,1938.00,1885.00,1938.00
1095,2014-12-17,19,2618.00,4947523.00,1915.00,1875.00,1875.00
1096,2014-12-16,34,3779.00,7322370.00,1950.00,1915.00,1926.00
1097,2014-12-15,44,3945.00,7652311.00,2000.00,1881.00,1950.00
1098,2014-12-14,16,864.00,1633524.00,1947.00,1836.00,1945.00
1099,2014-12-11,25,4183.00,7187674.00,1800.00,1686.00,1800.00
1100,2014-12-10,17,1666.00,2873131.00,1745.00,1682.00,1720.00
1101,2014-12-09,18,2452.00,4184141.00,1720.00,1700.00,1715.00
1102,2014-12-08,16,1571.00,2673640.00,1707.00,1700.00,1707.00
1103,2014-12-07,25,3015.00,5135246.00,1718.00,1700.00,1701.00
1104,2014-12-04,31,3338.00,5686521.00,1720.00,1687.00,1714.00
1105,2014-12-03,25,2392.00,4027167.00,1710.00,1665.00,1665.00
1106,2014-12-02,24,3265.00,5381225.00,1680.00,1635.00,1680.00
1107,2014-12-01,20,3262.00,5484555.00,1701.00,1670.00,1692.00
1108,2014-11-30,10,2125.00,3574834.00,1700.00,1680.00,1680.00
1109,2014-11-25,24,3089.00,5218836.00,1710.00,1666.00,1696.00
1110,2014-11-24,19,2010.00,3447767.00,1724.00,1710.00,1715.00
1111,2014-11-23,27,4018.00,6945074.00,1773.00,1695.00,1742.00
1112,2014-11-20,27,2401.00,4147498.00,1765.00,1700.00,1739.00
1113,2014-11-19,25,2153.00,3605660.00,1710.00,1634.00,1710.00
1114,2014-11-18,28,2897.00,4649243.00,1667.00,1564.00,1667.00
1115,2014-11-17,40,3945.00,6433161.00,1678.00,1611.00,1635.00
1116,2014-11-16,28,2309.00,3926397.00,1765.00,1670.00,1709.00
1117,2014-11-13,3,99.00,179100.00,1830.00,1800.00,1800.00
1118,2014-11-12,98,11776.00,25833353.00,2209.00,2170.00,2170.00
1119,2014-11-11,56,6449.00,14109798.00,2200.00,2175.00,2200.00
1120,2014-11-10,52,6328.00,13903902.00,2249.00,2180.00,2200.00
1121,2014-11-09,68,11263.00,25119211.00,2252.00,2200.00,2217.00
1122,2014-11-06,37,7739.00,17081571.00,2235.00,2191.00,2220.00
1123,2014-11-05,49,6995.00,15339287.00,2218.00,2170.00,2206.00
1124,2014-11-04,28,2684.00,5864414.00,2210.00,2160.00,2210.00
1125,2014-11-03,38,3592.00,7981460.00,2255.00,2200.00,2200.00
1126,2014-11-02,14,1073.00,2464748.00,2325.00,2280.00,2290.00
1127,2014-10-30,20,2519.00,5856918.00,2376.00,2306.00,2325.00
1128,2014-10-28,13,1392.00,3262888.00,2364.00,2340.00,2350.00
1129,2014-10-27,3,185.00,436819.00,2375.00,2349.00,2364.00
1130,2014-10-26,4,428.00,1006974.00,2359.00,2350.00,2350.00
1131,2014-10-22,6,1509.00,3500019.00,2366.00,2314.00,2350.00
1132,2014-10-21,15,1935.00,4486667.00,2361.00,2310.00,2324.00
1133,2014-10-20,11,1595.00,3683080.00,2320.00,2300.00,2320.00
1134,2014-10-19,12,2320.00,5337870.00,2324.00,2295.00,2315.00
1135,2014-10-16,12,1374.00,3237882.00,2375.00,2328.00,2340.00
1136,2014-10-15,9,845.00,1946550.00,2340.00,2298.00,2340.00
1137,2014-10-14,9,1237.00,2826560.00,2310.00,2280.00,2290.00
1138,2014-10-13,21,2487.00,5646038.00,2315.00,2250.00,2272.00
1139,2014-10-12,11,1152.00,2704477.00,2360.00,2320.00,2360.00
1140,2014-10-09,7,704.00,1661270.00,2380.00,2340.00,2380.00
1141,2014-10-08,4,433.00,1027998.00,2394.00,2370.00,2370.00
1142,2014-09-30,26,2574.00,6155551.00,2407.00,2357.00,2395.00
1143,2014-09-29,23,4217.00,10070260.00,2427.00,2360.00,2399.00
1144,2014-09-28,24,2614.00,6123994.00,2375.00,2330.00,2345.00
1145,2014-09-24,22,2407.00,5584030.00,2346.00,2250.00,2344.00
1146,2014-09-23,17,2415.00,5360312.00,2270.00,2195.00,2213.00
1147,2014-09-22,29,2830.00,6105474.00,2175.00,2140.00,2174.00
1148,2014-09-21,24,2116.00,4623560.00,2215.00,2165.00,2190.00
1149,2014-09-18,24,3648.00,8251070.00,2310.00,2230.00,2247.00
1150,2014-09-17,18,3375.00,7802788.00,2350.00,2300.00,2300.00
1151,2014-09-16,28,3472.00,8006019.00,2346.00,2285.00,2325.00
1152,2014-09-15,19,2930.00,6688899.00,2346.00,2260.00,2300.00
1153,2014-09-14,23,3404.00,7679239.00,2285.00,2220.00,2276.00
1154,2014-09-11,23,2728.00,6200442.00,2320.00,2250.00,2260.00
1155,2014-09-10,52,4288.00,10166487.00,2425.00,2320.00,2320.00
1156,2014-09-09,22,2375.00,5494887.00,2387.00,2250.00,2365.00
1157,2014-09-07,44,3957.00,9093101.00,2375.00,2230.00,2230.00
1158,2014-09-04,42,4050.00,9687240.00,2410.00,2377.00,2397.00
1159,2014-09-03,55,6112.00,14830111.00,2488.00,2400.00,2424.00
1160,2014-09-01,67,8973.00,21584807.00,2460.00,2380.00,2402.00
1161,2014-08-31,220,28055.00,70084807.00,2578.00,2460.00,2462.00
1162,2014-08-28,50,7784.00,18934046.00,2530.00,2410.00,2412.00
1163,2014-08-27,40,7514.00,17777308.00,2400.00,2267.00,2365.00
1164,2014-08-26,62,7014.00,16174427.00,2407.00,2223.00,2223.00
1165,2014-08-25,34,4877.00,11464845.00,2519.00,2280.00,2360.00
1166,2014-08-24,23,2179.00,5371841.00,2520.00,2439.00,2470.00
1167,2014-08-21,40,4752.00,11237667.00,2502.00,2270.00,2441.00
1168,2014-08-20,34,5743.00,14045639.00,2480.00,2400.00,2418.00
1169,2014-08-19,30,2987.00,7439196.00,2511.00,2475.00,2475.00
1170,2014-08-18,45,7582.00,19059589.00,2555.00,2490.00,2505.00
1171,2014-08-14,29,3681.00,9184184.00,2550.00,2425.00,2513.00
1172,2014-08-13,22,3685.00,8930388.00,2505.00,2385.00,2450.00
1173,2014-08-12,15,1179.00,2875420.00,2470.00,2415.00,2415.00
1174,2014-08-07,22,2121.00,5260349.00,2500.00,2470.00,2472.00
1175,2014-08-06,28,3605.00,8994091.00,2505.00,2480.00,2489.00
1176,2014-08-05,36,4958.00,12549031.00,2550.00,2500.00,2500.00
1177,2014-08-04,22,1906.00,4782158.00,2560.00,2470.00,2480.00
1178,2014-08-03,19,2243.00,5794921.00,2600.00,2575.00,2583.00
1179,2014-07-31,23,2070.00,5342633.00,2612.00,2565.00,2571.00
1180,2014-07-30,23,1885.00,4886407.00,2610.00,2576.00,2580.00
1181,2014-07-28,4,281.00,723740.00,2610.00,2560.00,2610.00
1182,2014-07-27,11,856.00,2234635.00,2620.00,2600.00,2600.00
1183,2014-07-24,29,2761.00,7313713.00,2670.00,2610.00,2652.00
1184,2014-07-23,22,2677.00,7039001.00,2680.00,2600.00,2680.00
1185,2014-07-22,48,11797.00,30343941.00,2657.00,2559.00,2657.00
1186,2014-07-21,50,6600.00,17211016.00,2635.00,2590.00,2610.00
1187,2014-07-20,24,3391.00,8755815.00,2629.00,2550.00,2620.00
1188,2014-07-17,29,4066.00,10237209.00,2555.00,2490.00,2528.00
1189,2014-07-16,15,1482.00,3777874.00,2574.00,2515.00,2535.00
1190,2014-07-15,17,2092.00,5293625.00,2540.00,2515.00,2538.00
1191,2014-07-14,12,1345.00,3425195.00,2605.00,2530.00,2550.00
1192,2014-07-13,35,4717.00,12079115.00,2661.00,2520.00,2554.00
1193,2014-07-10,23,3612.00,8889844.00,2500.00,2430.00,2500.00
1194,2014-07-09,10,1438.00,3516685.00,2460.00,2438.00,2438.00
1195,2014-07-08,34,7731.00,18651598.00,2450.00,2400.00,2450.00
1196,2014-07-07,32,3657.00,8828530.00,2450.00,2400.00,2425.00
1197,2014-07-06,31,4442.00,10571610.00,2420.00,2360.00,2390.00
1198,2014-07-03,19,3317.00,7857747.00,2400.00,2350.00,2360.00
